{
   "creationTimeStamp": "2024-04-01T19:55:49.388Z",
   "createdBy": "edmdev",
   "modifiedTimeStamp": "2024-04-01T19:55:53.542Z",
   "modifiedBy": "edmdev",
   "id": "feb2e7ef-c993-4160-b667-3c87b5c57405",
   "name": "Auto_Model_1712001351.zip",
   "description": "Decision Tree",
   "scoreCodeType": "dataStep",
   "algorithm": "tree",
   "function": "classification",
   "modeler": "sasdemo",
   "modelType": "dataStep",
   "trainTable": "/dataTables/dataSources/cas~fs~cas-shared-default~fs~Public/tables/HMEQ_TRAIN",
   "eventProbVar": "EM_EVENTPROBABILITY",
   "targetVariable": "BAD",
   "targetEvent": "1",
   "targetLevel": "binary",
   "tool": "Model Studio",
   "toolVersion": "8.3",
   "externalModelId": "0895f86a-dff5-4b5e-ab40-f7a53f476979",
   "modelVersionName": "1.0",
   "custom properties": []
}