{
  "creationTimeStamp" : "0001-01-01T00:00:00Z",
  "modifiedTimeStamp" : "0001-01-01T00:00:00Z",
  "revision" : 0,
  "name" : "dmcas_lift",
  "version" : 0,
  "order" : 0,
  "parameterMap" : {
    "_Column_" : {
      "label" : "Analysis Variable",
      "length" : 9,
      "order" : 5,
      "parameter" : "_Column_",
      "preformatted" : false,
      "type" : "char",
      "values" : [ "_Column_" ]
    },
    "_DataRole_" : {
      "label" : "Data Role",
      "length" : 10,
      "order" : 2,
      "parameter" : "_DataRole_",
      "preformatted" : false,
      "type" : "char",
      "values" : [ "_DataRole_" ]
    },
    "_Depth_" : {
      "label" : "Depth",
      "length" : 8,
      "order" : 6,
      "parameter" : "_Depth_",
      "preformatted" : false,
      "type" : "num",
      "values" : [ "_Depth_" ]
    },
    "_MaxP_" : {
      "label" : "Predicted Maximum",
      "length" : 8,
      "order" : 11,
      "parameter" : "_MaxP_",
      "preformatted" : false,
      "type" : "num",
      "values" : [ "_MaxP_" ]
    },
    "_MaxT_" : {
      "label" : "Target Maximum",
      "length" : 8,
      "order" : 14,
      "parameter" : "_MaxT_",
      "preformatted" : false,
      "type" : "num",
      "values" : [ "_MaxT_" ]
    },
    "_MeanP_" : {
      "label" : "Predicted Mean",
      "length" : 8,
      "order" : 9,
      "parameter" : "_MeanP_",
      "preformatted" : false,
      "type" : "num",
      "values" : [ "_MeanP_" ]
    },
    "_MeanT_" : {
      "label" : "Target Mean",
      "length" : 8,
      "order" : 12,
      "parameter" : "_MeanT_",
      "preformatted" : false,
      "type" : "num",
      "values" : [ "_MeanT_" ]
    },
    "_MinP_" : {
      "label" : "Predicted Minimum",
      "length" : 8,
      "order" : 10,
      "parameter" : "_MinP_",
      "preformatted" : false,
      "type" : "num",
      "values" : [ "_MinP_" ]
    },
    "_MinT_" : {
      "label" : "Target Minimum",
      "length" : 8,
      "order" : 13,
      "parameter" : "_MinT_",
      "preformatted" : false,
      "type" : "num",
      "values" : [ "_MinT_" ]
    },
    "_NObs_" : {
      "label" : "Sum of Frequencies",
      "length" : 8,
      "order" : 8,
      "parameter" : "_NObs_",
      "preformatted" : false,
      "type" : "num",
      "values" : [ "_NObs_" ]
    },
    "_PartInd_" : {
      "label" : "Partition Indicator",
      "length" : 8,
      "order" : 3,
      "parameter" : "_PartInd_",
      "preformatted" : false,
      "type" : "num",
      "values" : [ "_PartInd_" ]
    },
    "_TargetName_" : {
      "label" : "Target Name",
      "length" : 8,
      "order" : 1,
      "parameter" : "_TargetName_",
      "preformatted" : false,
      "type" : "char",
      "values" : [ "_TargetName_" ]
    },
    "_Value_" : {
      "label" : "Value",
      "length" : 8,
      "order" : 7,
      "parameter" : "_Value_",
      "preformatted" : false,
      "type" : "num",
      "values" : [ "_Value_" ]
    },
    "_formattedPartition_" : {
      "label" : "Formatted Partition",
      "length" : 12,
      "order" : 4,
      "parameter" : "_formattedPartition_",
      "preformatted" : false,
      "type" : "char",
      "values" : [ "_formattedPartition_" ]
    }
  },
  "data" : [ {
    "dataMap" : {
      "_Column_" : "P_DEBTINC",
      "_DataRole_" : "VALIDATE",
      "_Depth_" : "0",
      "_NObs_" : "0",
      "_PartInd_" : "0",
      "_TargetName_" : "DEBTINC",
      "_Value_" : "0",
      "_formattedPartition_" : "           0"
    },
    "rowNumber" : 1
  }, {
    "dataMap" : {
      "_Column_" : "P_DEBTINC",
      "_DataRole_" : "VALIDATE",
      "_Depth_" : "5",
      "_MaxP_" : "46.6995446422",
      "_MaxT_" : "61.8906345798",
      "_MeanP_" : "40.6463137118",
      "_MeanT_" : "39.2536042839",
      "_MinP_" : "38.2022272174",
      "_MinT_" : "23.2047132895",
      "_NObs_" : "28",
      "_PartInd_" : "0",
      "_TargetName_" : "DEBTINC",
      "_Value_" : "38.1142028787",
      "_formattedPartition_" : "           0"
    },
    "rowNumber" : 2
  }, {
    "dataMap" : {
      "_Column_" : "P_DEBTINC",
      "_DataRole_" : "VALIDATE",
      "_Depth_" : "10",
      "_MaxP_" : "38.1142028787",
      "_MaxT_" : "48.2775912244",
      "_MeanP_" : "37.1839297826",
      "_MeanT_" : "36.8914755372",
      "_MinP_" : "36.2266831169",
      "_MinT_" : "17.8058488923",
      "_NObs_" : "28",
      "_PartInd_" : "0",
      "_TargetName_" : "DEBTINC",
      "_Value_" : "36.1932921594",
      "_formattedPartition_" : "           0"
    },
    "rowNumber" : 3
  }, {
    "dataMap" : {
      "_Column_" : "P_DEBTINC",
      "_DataRole_" : "VALIDATE",
      "_Depth_" : "15",
      "_MaxP_" : "36.1932921594",
      "_MaxT_" : "78.6543860476",
      "_MeanP_" : "35.7977785193",
      "_MeanT_" : "40.0018356082",
      "_MinP_" : "35.4878863995",
      "_MinT_" : "32.1424689781",
      "_NObs_" : "28",
      "_PartInd_" : "0",
      "_TargetName_" : "DEBTINC",
      "_Value_" : "35.4878863995",
      "_formattedPartition_" : "           0"
    },
    "rowNumber" : 4
  }, {
    "dataMap" : {
      "_Column_" : "P_DEBTINC",
      "_DataRole_" : "VALIDATE",
      "_Depth_" : "20",
      "_MaxP_" : "35.4787150252",
      "_MaxT_" : "45.3941685452",
      "_MeanP_" : "35.1246063703",
      "_MeanT_" : "35.6537593601",
      "_MinP_" : "34.8706529842",
      "_MinT_" : "25.5321287872",
      "_NObs_" : "28",
      "_PartInd_" : "0",
      "_TargetName_" : "DEBTINC",
      "_Value_" : "34.8706529842",
      "_formattedPartition_" : "           0"
    },
    "rowNumber" : 5
  }, {
    "dataMap" : {
      "_Column_" : "P_DEBTINC",
      "_DataRole_" : "VALIDATE",
      "_Depth_" : "25",
      "_MaxP_" : "34.8681134934",
      "_MaxT_" : "43.2511825226",
      "_MeanP_" : "34.6724686494",
      "_MeanT_" : "35.3112038488",
      "_MinP_" : "34.4683208941",
      "_MinT_" : "17.4256334769",
      "_NObs_" : "27",
      "_PartInd_" : "0",
      "_TargetName_" : "DEBTINC",
      "_Value_" : "34.4683208941",
      "_formattedPartition_" : "           0"
    },
    "rowNumber" : 6
  }, {
    "dataMap" : {
      "_Column_" : "P_DEBTINC",
      "_DataRole_" : "VALIDATE",
      "_Depth_" : "30",
      "_MaxP_" : "34.4650903873",
      "_MaxT_" : "45.0068180848",
      "_MeanP_" : "34.2299414058",
      "_MeanT_" : "35.6095469565",
      "_MinP_" : "34.0083385319",
      "_MinT_" : "16.3784129526",
      "_NObs_" : "28",
      "_PartInd_" : "0",
      "_TargetName_" : "DEBTINC",
      "_Value_" : "34.0083385319",
      "_formattedPartition_" : "           0"
    },
    "rowNumber" : 7
  }, {
    "dataMap" : {
      "_Column_" : "P_DEBTINC",
      "_DataRole_" : "VALIDATE",
      "_Depth_" : "35",
      "_MaxP_" : "33.988579258",
      "_MaxT_" : "67.3249035502",
      "_MeanP_" : "33.7804645101",
      "_MeanT_" : "35.1950601225",
      "_MinP_" : "33.5907906427",
      "_MinT_" : "19.1879140109",
      "_NObs_" : "27",
      "_PartInd_" : "0",
      "_TargetName_" : "DEBTINC",
      "_Value_" : "33.5907906427",
      "_formattedPartition_" : "           0"
    },
    "rowNumber" : 8
  }, {
    "dataMap" : {
      "_Column_" : "P_DEBTINC",
      "_DataRole_" : "VALIDATE",
      "_Depth_" : "40",
      "_MaxP_" : "33.5907136057",
      "_MaxT_" : "53.5848830078",
      "_MeanP_" : "33.4879975568",
      "_MeanT_" : "34.1013386508",
      "_MinP_" : "33.473329522",
      "_MinT_" : "0.52449921543",
      "_NObs_" : "30",
      "_PartInd_" : "0",
      "_TargetName_" : "DEBTINC",
      "_Value_" : "33.473329522",
      "_formattedPartition_" : "           0"
    },
    "rowNumber" : 9
  }, {
    "dataMap" : {
      "_Column_" : "P_DEBTINC",
      "_DataRole_" : "VALIDATE",
      "_Depth_" : "45",
      "_MaxP_" : "33.473329522",
      "_MaxT_" : "53.5848830078",
      "_MeanP_" : "33.473329522",
      "_MeanT_" : "32.9958232827",
      "_MinP_" : "33.473329522",
      "_MinT_" : "0.52449921543",
      "_NObs_" : "28",
      "_PartInd_" : "0",
      "_TargetName_" : "DEBTINC",
      "_Value_" : "33.473329522",
      "_formattedPartition_" : "           0"
    },
    "rowNumber" : 10
  }, {
    "dataMap" : {
      "_Column_" : "P_DEBTINC",
      "_DataRole_" : "VALIDATE",
      "_Depth_" : "50",
      "_MaxP_" : "33.473329522",
      "_MaxT_" : "53.5848830078",
      "_MeanP_" : "33.473329522",
      "_MeanT_" : "32.9958232827",
      "_MinP_" : "33.473329522",
      "_MinT_" : "0.52449921543",
      "_NObs_" : "28",
      "_PartInd_" : "0",
      "_TargetName_" : "DEBTINC",
      "_Value_" : "33.473329522",
      "_formattedPartition_" : "           0"
    },
    "rowNumber" : 11
  }, {
    "dataMap" : {
      "_Column_" : "P_DEBTINC",
      "_DataRole_" : "VALIDATE",
      "_Depth_" : "55",
      "_MaxP_" : "33.473329522",
      "_MaxT_" : "53.5848830078",
      "_MeanP_" : "33.473329522",
      "_MeanT_" : "32.9958232827",
      "_MinP_" : "33.473329522",
      "_MinT_" : "0.52449921543",
      "_NObs_" : "28",
      "_PartInd_" : "0",
      "_TargetName_" : "DEBTINC",
      "_Value_" : "33.473329522",
      "_formattedPartition_" : "           0"
    },
    "rowNumber" : 12
  }, {
    "dataMap" : {
      "_Column_" : "P_DEBTINC",
      "_DataRole_" : "VALIDATE",
      "_Depth_" : "60",
      "_MaxP_" : "33.473329522",
      "_MaxT_" : "53.5848830078",
      "_MeanP_" : "33.473329522",
      "_MeanT_" : "32.9958232827",
      "_MinP_" : "33.473329522",
      "_MinT_" : "0.52449921543",
      "_NObs_" : "28",
      "_PartInd_" : "0",
      "_TargetName_" : "DEBTINC",
      "_Value_" : "33.473329522",
      "_formattedPartition_" : "           0"
    },
    "rowNumber" : 13
  }, {
    "dataMap" : {
      "_Column_" : "P_DEBTINC",
      "_DataRole_" : "VALIDATE",
      "_Depth_" : "65",
      "_MaxP_" : "33.473329522",
      "_MaxT_" : "53.5848830078",
      "_MeanP_" : "33.3061457956",
      "_MeanT_" : "33.8158829275",
      "_MinP_" : "33.1510885911",
      "_MinT_" : "0.52449921543",
      "_NObs_" : "24",
      "_PartInd_" : "0",
      "_TargetName_" : "DEBTINC",
      "_Value_" : "33.1510885911",
      "_formattedPartition_" : "           0"
    },
    "rowNumber" : 14
  }, {
    "dataMap" : {
      "_Column_" : "P_DEBTINC",
      "_DataRole_" : "VALIDATE",
      "_Depth_" : "70",
      "_MaxP_" : "33.1326017821",
      "_MaxT_" : "42.0093900779",
      "_MeanP_" : "32.8838346314",
      "_MeanT_" : "32.8389887499",
      "_MinP_" : "32.6363098529",
      "_MinT_" : "20.059527176",
      "_NObs_" : "27",
      "_PartInd_" : "0",
      "_TargetName_" : "DEBTINC",
      "_Value_" : "32.6363098529",
      "_formattedPartition_" : "           0"
    },
    "rowNumber" : 15
  }, {
    "dataMap" : {
      "_Column_" : "P_DEBTINC",
      "_DataRole_" : "VALIDATE",
      "_Depth_" : "75",
      "_MaxP_" : "32.6020848548",
      "_MaxT_" : "42.4648662852",
      "_MeanP_" : "32.3189900959",
      "_MeanT_" : "31.5476313174",
      "_MinP_" : "32.1180965605",
      "_MinT_" : "17.6209202142",
      "_NObs_" : "28",
      "_PartInd_" : "0",
      "_TargetName_" : "DEBTINC",
      "_Value_" : "32.1180965605",
      "_formattedPartition_" : "           0"
    },
    "rowNumber" : 16
  }, {
    "dataMap" : {
      "_Column_" : "P_DEBTINC",
      "_DataRole_" : "VALIDATE",
      "_Depth_" : "80",
      "_MaxP_" : "32.1140279041",
      "_MaxT_" : "42.4823742235",
      "_MeanP_" : "31.9077030432",
      "_MeanT_" : "31.1065501101",
      "_MinP_" : "31.7491026662",
      "_MinT_" : "18.3695405268",
      "_NObs_" : "27",
      "_PartInd_" : "0",
      "_TargetName_" : "DEBTINC",
      "_Value_" : "31.7491026662",
      "_formattedPartition_" : "           0"
    },
    "rowNumber" : 17
  }, {
    "dataMap" : {
      "_Column_" : "P_DEBTINC",
      "_DataRole_" : "VALIDATE",
      "_Depth_" : "85",
      "_MaxP_" : "31.7461359393",
      "_MaxT_" : "40.2061382633",
      "_MeanP_" : "31.4884126223",
      "_MeanT_" : "30.06351024",
      "_MinP_" : "31.1859147696",
      "_MinT_" : "19.0786511675",
      "_NObs_" : "28",
      "_PartInd_" : "0",
      "_TargetName_" : "DEBTINC",
      "_Value_" : "31.1859147696",
      "_formattedPartition_" : "           0"
    },
    "rowNumber" : 18
  }, {
    "dataMap" : {
      "_Column_" : "P_DEBTINC",
      "_DataRole_" : "VALIDATE",
      "_Depth_" : "90",
      "_MaxP_" : "31.1380485316",
      "_MaxT_" : "42.6953312739",
      "_MeanP_" : "30.8970929511",
      "_MeanT_" : "32.0949939513",
      "_MinP_" : "30.6731841062",
      "_MinT_" : "23.5486983497",
      "_NObs_" : "27",
      "_PartInd_" : "0",
      "_TargetName_" : "DEBTINC",
      "_Value_" : "30.6731841062",
      "_formattedPartition_" : "           0"
    },
    "rowNumber" : 19
  }, {
    "dataMap" : {
      "_Column_" : "P_DEBTINC",
      "_DataRole_" : "VALIDATE",
      "_Depth_" : "95",
      "_MaxP_" : "30.6514984447",
      "_MaxT_" : "39.8315005639",
      "_MeanP_" : "29.8537175506",
      "_MeanT_" : "29.0350071973",
      "_MinP_" : "29.1084703193",
      "_MinT_" : "21.2960753209",
      "_NObs_" : "28",
      "_PartInd_" : "0",
      "_TargetName_" : "DEBTINC",
      "_Value_" : "29.1084703193",
      "_formattedPartition_" : "           0"
    },
    "rowNumber" : 20
  }, {
    "dataMap" : {
      "_Column_" : "P_DEBTINC",
      "_DataRole_" : "VALIDATE",
      "_Depth_" : "100",
      "_MaxP_" : "29.0984309776",
      "_MaxT_" : "45.4647658371",
      "_MeanP_" : "27.922772093",
      "_MeanT_" : "28.037503494",
      "_MinP_" : "21.1657169525",
      "_MinT_" : "13.3472126793",
      "_NObs_" : "26",
      "_PartInd_" : "0",
      "_TargetName_" : "DEBTINC",
      "_Value_" : "21.1657169525",
      "_formattedPartition_" : "           0"
    },
    "rowNumber" : 21
  }, {
    "dataMap" : {
      "_Column_" : "P_DEBTINC",
      "_DataRole_" : "TRAIN",
      "_Depth_" : "0",
      "_NObs_" : "0",
      "_PartInd_" : "1",
      "_TargetName_" : "DEBTINC",
      "_Value_" : "0",
      "_formattedPartition_" : "           1"
    },
    "rowNumber" : 22
  }, {
    "dataMap" : {
      "_Column_" : "P_DEBTINC",
      "_DataRole_" : "TRAIN",
      "_Depth_" : "5",
      "_MaxP_" : "58.3944952844",
      "_MaxT_" : "91.6125999771",
      "_MeanP_" : "41.5224242535",
      "_MeanT_" : "39.8796279002",
      "_MinP_" : "38.5110046046",
      "_MinT_" : "13.4178222539",
      "_NObs_" : "57",
      "_PartInd_" : "1",
      "_TargetName_" : "DEBTINC",
      "_Value_" : "38.4893095758",
      "_formattedPartition_" : "           1"
    },
    "rowNumber" : 23
  }, {
    "dataMap" : {
      "_Column_" : "P_DEBTINC",
      "_DataRole_" : "TRAIN",
      "_Depth_" : "10",
      "_MaxP_" : "38.4893095758",
      "_MaxT_" : "62.1107218706",
      "_MeanP_" : "37.3578032926",
      "_MeanT_" : "37.0612298522",
      "_MinP_" : "36.4913383163",
      "_MinT_" : "26.4575244492",
      "_NObs_" : "57",
      "_PartInd_" : "1",
      "_TargetName_" : "DEBTINC",
      "_Value_" : "36.4913383163",
      "_formattedPartition_" : "           1"
    },
    "rowNumber" : 24
  }, {
    "dataMap" : {
      "_Column_" : "P_DEBTINC",
      "_DataRole_" : "TRAIN",
      "_Depth_" : "15",
      "_MaxP_" : "36.4740241555",
      "_MaxT_" : "43.7629302651",
      "_MeanP_" : "35.9438478217",
      "_MeanT_" : "37.5402062928",
      "_MinP_" : "35.638388613",
      "_MinT_" : "16.8830310139",
      "_NObs_" : "57",
      "_PartInd_" : "1",
      "_TargetName_" : "DEBTINC",
      "_Value_" : "35.638388613",
      "_formattedPartition_" : "           1"
    },
    "rowNumber" : 25
  }, {
    "dataMap" : {
      "_Column_" : "P_DEBTINC",
      "_DataRole_" : "TRAIN",
      "_Depth_" : "20",
      "_MaxP_" : "35.6383358081",
      "_MaxT_" : "65.4952431524",
      "_MeanP_" : "35.2944295773",
      "_MeanT_" : "35.7122908473",
      "_MinP_" : "34.9457385986",
      "_MinT_" : "14.0723537581",
      "_NObs_" : "56",
      "_PartInd_" : "1",
      "_TargetName_" : "DEBTINC",
      "_Value_" : "34.9457385986",
      "_formattedPartition_" : "           1"
    },
    "rowNumber" : 26
  }, {
    "dataMap" : {
      "_Column_" : "P_DEBTINC",
      "_DataRole_" : "TRAIN",
      "_Depth_" : "25",
      "_MaxP_" : "34.936248918",
      "_MaxT_" : "43.9100458494",
      "_MeanP_" : "34.7104659435",
      "_MeanT_" : "33.4135446202",
      "_MinP_" : "34.5012826664",
      "_MinT_" : "1.85553998028",
      "_NObs_" : "57",
      "_PartInd_" : "1",
      "_TargetName_" : "DEBTINC",
      "_Value_" : "34.5012826664",
      "_formattedPartition_" : "           1"
    },
    "rowNumber" : 27
  }, {
    "dataMap" : {
      "_Column_" : "P_DEBTINC",
      "_DataRole_" : "TRAIN",
      "_Depth_" : "30",
      "_MaxP_" : "34.4815460987",
      "_MaxT_" : "43.7974595619",
      "_MeanP_" : "34.2316642089",
      "_MeanT_" : "34.0023220448",
      "_MinP_" : "33.9919978774",
      "_MinT_" : "17.9658834438",
      "_NObs_" : "56",
      "_PartInd_" : "1",
      "_TargetName_" : "DEBTINC",
      "_Value_" : "33.9919978774",
      "_formattedPartition_" : "           1"
    },
    "rowNumber" : 28
  }, {
    "dataMap" : {
      "_Column_" : "P_DEBTINC",
      "_DataRole_" : "TRAIN",
      "_Depth_" : "35",
      "_MaxP_" : "33.978152762",
      "_MaxT_" : "43.6177142968",
      "_MeanP_" : "33.7538798145",
      "_MeanT_" : "35.6704155332",
      "_MinP_" : "33.5362095977",
      "_MinT_" : "20.8287665599",
      "_NObs_" : "57",
      "_PartInd_" : "1",
      "_TargetName_" : "DEBTINC",
      "_Value_" : "33.5362095977",
      "_formattedPartition_" : "           1"
    },
    "rowNumber" : 29
  }, {
    "dataMap" : {
      "_Column_" : "P_DEBTINC",
      "_DataRole_" : "TRAIN",
      "_Depth_" : "40",
      "_MaxP_" : "33.5302635548",
      "_MaxT_" : "52.2031645056",
      "_MeanP_" : "33.4777191185",
      "_MeanT_" : "32.3483792214",
      "_MinP_" : "33.473329522",
      "_MinT_" : "0.720295006745",
      "_NObs_" : "59",
      "_PartInd_" : "1",
      "_TargetName_" : "DEBTINC",
      "_Value_" : "33.473329522",
      "_formattedPartition_" : "           1"
    },
    "rowNumber" : 30
  }, {
    "dataMap" : {
      "_Column_" : "P_DEBTINC",
      "_DataRole_" : "TRAIN",
      "_Depth_" : "45",
      "_MaxP_" : "33.473329522",
      "_MaxT_" : "52.2031645056",
      "_MeanP_" : "33.473329522",
      "_MeanT_" : "32.060696518",
      "_MinP_" : "33.473329522",
      "_MinT_" : "0.720295006745",
      "_NObs_" : "57",
      "_PartInd_" : "1",
      "_TargetName_" : "DEBTINC",
      "_Value_" : "33.473329522",
      "_formattedPartition_" : "           1"
    },
    "rowNumber" : 31
  }, {
    "dataMap" : {
      "_Column_" : "P_DEBTINC",
      "_DataRole_" : "TRAIN",
      "_Depth_" : "50",
      "_MaxP_" : "33.473329522",
      "_MaxT_" : "52.2031645056",
      "_MeanP_" : "33.473329522",
      "_MeanT_" : "32.060696518",
      "_MinP_" : "33.473329522",
      "_MinT_" : "0.720295006745",
      "_NObs_" : "57",
      "_PartInd_" : "1",
      "_TargetName_" : "DEBTINC",
      "_Value_" : "33.473329522",
      "_formattedPartition_" : "           1"
    },
    "rowNumber" : 32
  }, {
    "dataMap" : {
      "_Column_" : "P_DEBTINC",
      "_DataRole_" : "TRAIN",
      "_Depth_" : "55",
      "_MaxP_" : "33.473329522",
      "_MaxT_" : "52.2031645056",
      "_MeanP_" : "33.473329522",
      "_MeanT_" : "32.060696518",
      "_MinP_" : "33.473329522",
      "_MinT_" : "0.720295006745",
      "_NObs_" : "57",
      "_PartInd_" : "1",
      "_TargetName_" : "DEBTINC",
      "_Value_" : "33.473329522",
      "_formattedPartition_" : "           1"
    },
    "rowNumber" : 33
  }, {
    "dataMap" : {
      "_Column_" : "P_DEBTINC",
      "_DataRole_" : "TRAIN",
      "_Depth_" : "60",
      "_MaxP_" : "33.473329522",
      "_MaxT_" : "52.2031645056",
      "_MeanP_" : "33.473329522",
      "_MeanT_" : "32.060696518",
      "_MinP_" : "33.473329522",
      "_MinT_" : "0.720295006745",
      "_NObs_" : "57",
      "_PartInd_" : "1",
      "_TargetName_" : "DEBTINC",
      "_Value_" : "33.473329522",
      "_formattedPartition_" : "           1"
    },
    "rowNumber" : 34
  }, {
    "dataMap" : {
      "_Column_" : "P_DEBTINC",
      "_DataRole_" : "TRAIN",
      "_Depth_" : "65",
      "_MaxP_" : "33.473329522",
      "_MaxT_" : "52.2031645056",
      "_MeanP_" : "33.4643731156",
      "_MeanT_" : "32.3420974327",
      "_MinP_" : "33.390651221",
      "_MinT_" : "0.720295006745",
      "_NObs_" : "51",
      "_PartInd_" : "1",
      "_TargetName_" : "DEBTINC",
      "_Value_" : "33.390651221",
      "_formattedPartition_" : "           1"
    },
    "rowNumber" : 35
  }, {
    "dataMap" : {
      "_Column_" : "P_DEBTINC",
      "_DataRole_" : "TRAIN",
      "_Depth_" : "70",
      "_MaxP_" : "33.3752246565",
      "_MaxT_" : "45.5698426522",
      "_MeanP_" : "33.092519426",
      "_MeanT_" : "33.0488818814",
      "_MinP_" : "32.8708176723",
      "_MinT_" : "15.8239000561",
      "_NObs_" : "57",
      "_PartInd_" : "1",
      "_TargetName_" : "DEBTINC",
      "_Value_" : "32.8708176723",
      "_formattedPartition_" : "           1"
    },
    "rowNumber" : 36
  }, {
    "dataMap" : {
      "_Column_" : "P_DEBTINC",
      "_DataRole_" : "TRAIN",
      "_Depth_" : "75",
      "_MaxP_" : "32.8591670908",
      "_MaxT_" : "43.2049531327",
      "_MeanP_" : "32.6513261913",
      "_MeanT_" : "33.0365871813",
      "_MinP_" : "32.469139249",
      "_MinT_" : "15.7619191714",
      "_NObs_" : "56",
      "_PartInd_" : "1",
      "_TargetName_" : "DEBTINC",
      "_Value_" : "32.469139249",
      "_formattedPartition_" : "           1"
    },
    "rowNumber" : 37
  }, {
    "dataMap" : {
      "_Column_" : "P_DEBTINC",
      "_DataRole_" : "TRAIN",
      "_Depth_" : "80",
      "_MaxP_" : "32.4597146273",
      "_MaxT_" : "43.0855430481",
      "_MeanP_" : "32.2080096643",
      "_MeanT_" : "31.3950124478",
      "_MinP_" : "31.9297998467",
      "_MinT_" : "17.1769006572",
      "_NObs_" : "57",
      "_PartInd_" : "1",
      "_TargetName_" : "DEBTINC",
      "_Value_" : "31.9297998467",
      "_formattedPartition_" : "           1"
    },
    "rowNumber" : 38
  }, {
    "dataMap" : {
      "_Column_" : "P_DEBTINC",
      "_DataRole_" : "TRAIN",
      "_Depth_" : "85",
      "_MaxP_" : "31.9293156818",
      "_MaxT_" : "42.3879855131",
      "_MeanP_" : "31.7450368113",
      "_MeanT_" : "32.1703730423",
      "_MinP_" : "31.4685609246",
      "_MinT_" : "7.86219363171",
      "_NObs_" : "56",
      "_PartInd_" : "1",
      "_TargetName_" : "DEBTINC",
      "_Value_" : "31.4685609246",
      "_formattedPartition_" : "           1"
    },
    "rowNumber" : 39
  }, {
    "dataMap" : {
      "_Column_" : "P_DEBTINC",
      "_DataRole_" : "TRAIN",
      "_Depth_" : "90",
      "_MaxP_" : "31.4682254156",
      "_MaxT_" : "41.4299588741",
      "_MeanP_" : "31.1741971029",
      "_MeanT_" : "31.3926241526",
      "_MinP_" : "30.8991060813",
      "_MinT_" : "13.4099956479",
      "_NObs_" : "57",
      "_PartInd_" : "1",
      "_TargetName_" : "DEBTINC",
      "_Value_" : "30.8991060813",
      "_formattedPartition_" : "           1"
    },
    "rowNumber" : 40
  }, {
    "dataMap" : {
      "_Column_" : "P_DEBTINC",
      "_DataRole_" : "TRAIN",
      "_Depth_" : "95",
      "_MaxP_" : "30.8843431892",
      "_MaxT_" : "42.6684546473",
      "_MeanP_" : "30.4137053775",
      "_MeanT_" : "30.7555814743",
      "_MinP_" : "29.7882948391",
      "_MinT_" : "20.5159618616",
      "_NObs_" : "56",
      "_PartInd_" : "1",
      "_TargetName_" : "DEBTINC",
      "_Value_" : "29.7882948391",
      "_formattedPartition_" : "           1"
    },
    "rowNumber" : 41
  }, {
    "dataMap" : {
      "_Column_" : "P_DEBTINC",
      "_DataRole_" : "TRAIN",
      "_Depth_" : "100",
      "_MaxP_" : "29.7542055562",
      "_MaxT_" : "42.068268179",
      "_MeanP_" : "28.3809326922",
      "_MeanT_" : "27.3308605427",
      "_MinP_" : "20.8516739834",
      "_MinT_" : "0.838117525372",
      "_NObs_" : "55",
      "_PartInd_" : "1",
      "_TargetName_" : "DEBTINC",
      "_Value_" : "20.8516739834",
      "_formattedPartition_" : "           1"
    },
    "rowNumber" : 42
  }, {
    "dataMap" : {
      "_Column_" : "P_DEBTINC",
      "_DataRole_" : "TEST",
      "_Depth_" : "0",
      "_NObs_" : "0",
      "_PartInd_" : "2",
      "_TargetName_" : "DEBTINC",
      "_Value_" : "0",
      "_formattedPartition_" : "           2"
    },
    "rowNumber" : 43
  }, {
    "dataMap" : {
      "_Column_" : "P_DEBTINC",
      "_DataRole_" : "TEST",
      "_Depth_" : "5",
      "_MaxP_" : "45.0314333912",
      "_MaxT_" : "143.949604954",
      "_MeanP_" : "39.2265146777",
      "_MeanT_" : "50.6713273548",
      "_MinP_" : "37.3873922995",
      "_MinT_" : "31.4864608312",
      "_NObs_" : "10",
      "_PartInd_" : "2",
      "_TargetName_" : "DEBTINC",
      "_Value_" : "36.9609291107",
      "_formattedPartition_" : "           2"
    },
    "rowNumber" : 44
  }, {
    "dataMap" : {
      "_Column_" : "P_DEBTINC",
      "_DataRole_" : "TEST",
      "_Depth_" : "10",
      "_MaxP_" : "36.9609291107",
      "_MaxT_" : "43.3108562946",
      "_MeanP_" : "36.476525554",
      "_MeanT_" : "35.3970461333",
      "_MinP_" : "35.7859963202",
      "_MinT_" : "27.2249852583",
      "_NObs_" : "10",
      "_PartInd_" : "2",
      "_TargetName_" : "DEBTINC",
      "_Value_" : "35.7537403891",
      "_formattedPartition_" : "           2"
    },
    "rowNumber" : 45
  }, {
    "dataMap" : {
      "_Column_" : "P_DEBTINC",
      "_DataRole_" : "TEST",
      "_Depth_" : "15",
      "_MaxP_" : "35.7537403891",
      "_MaxT_" : "47.5905286533",
      "_MeanP_" : "35.4949224309",
      "_MeanT_" : "37.9007314742",
      "_MinP_" : "35.251872969",
      "_MinT_" : "25.2547717451",
      "_NObs_" : "10",
      "_PartInd_" : "2",
      "_TargetName_" : "DEBTINC",
      "_Value_" : "35.251872969",
      "_formattedPartition_" : "           2"
    },
    "rowNumber" : 46
  }, {
    "dataMap" : {
      "_Column_" : "P_DEBTINC",
      "_DataRole_" : "TEST",
      "_Depth_" : "20",
      "_MaxP_" : "35.1926551146",
      "_MaxT_" : "42.3029073282",
      "_MeanP_" : "34.889722788",
      "_MeanT_" : "33.6695241669",
      "_MinP_" : "34.5942546848",
      "_MinT_" : "24.4788811911",
      "_NObs_" : "10",
      "_PartInd_" : "2",
      "_TargetName_" : "DEBTINC",
      "_Value_" : "34.5942546848",
      "_formattedPartition_" : "           2"
    },
    "rowNumber" : 47
  }, {
    "dataMap" : {
      "_Column_" : "P_DEBTINC",
      "_DataRole_" : "TEST",
      "_Depth_" : "25",
      "_MaxP_" : "34.4474781745",
      "_MaxT_" : "44.9687136922",
      "_MeanP_" : "34.2420265279",
      "_MeanT_" : "37.5774987107",
      "_MinP_" : "33.9852603942",
      "_MinT_" : "34.3029739026",
      "_NObs_" : "10",
      "_PartInd_" : "2",
      "_TargetName_" : "DEBTINC",
      "_Value_" : "33.9852603942",
      "_formattedPartition_" : "           2"
    },
    "rowNumber" : 48
  }, {
    "dataMap" : {
      "_Column_" : "P_DEBTINC",
      "_DataRole_" : "TEST",
      "_Depth_" : "30",
      "_MaxP_" : "33.9780693297",
      "_MaxT_" : "38.7967499494",
      "_MeanP_" : "33.9223875997",
      "_MeanT_" : "33.38924497",
      "_MinP_" : "33.8721673437",
      "_MinT_" : "18.3249352764",
      "_NObs_" : "9",
      "_PartInd_" : "2",
      "_TargetName_" : "DEBTINC",
      "_Value_" : "33.8721673437",
      "_formattedPartition_" : "           2"
    },
    "rowNumber" : 49
  }, {
    "dataMap" : {
      "_Column_" : "P_DEBTINC",
      "_DataRole_" : "TEST",
      "_Depth_" : "35",
      "_MaxP_" : "33.8501003886",
      "_MaxT_" : "40.4560098728",
      "_MeanP_" : "33.7025772652",
      "_MeanT_" : "31.4464020325",
      "_MinP_" : "33.5476596362",
      "_MinT_" : "7.39014305968",
      "_NObs_" : "10",
      "_PartInd_" : "2",
      "_TargetName_" : "DEBTINC",
      "_Value_" : "33.5476596362",
      "_formattedPartition_" : "           2"
    },
    "rowNumber" : 50
  }, {
    "dataMap" : {
      "_Column_" : "P_DEBTINC",
      "_DataRole_" : "TEST",
      "_Depth_" : "40",
      "_MaxP_" : "33.5032676208",
      "_MaxT_" : "43.9086453331",
      "_MeanP_" : "33.4776809377",
      "_MeanT_" : "32.7776622161",
      "_MinP_" : "33.473329522",
      "_MinT_" : "1.90922516301",
      "_NObs_" : "11",
      "_PartInd_" : "2",
      "_TargetName_" : "DEBTINC",
      "_Value_" : "33.473329522",
      "_formattedPartition_" : "           2"
    },
    "rowNumber" : 51
  }, {
    "dataMap" : {
      "_Column_" : "P_DEBTINC",
      "_DataRole_" : "TEST",
      "_Depth_" : "45",
      "_MaxP_" : "33.473329522",
      "_MaxT_" : "43.9086453331",
      "_MeanP_" : "33.473329522",
      "_MeanT_" : "31.9098569174",
      "_MinP_" : "33.473329522",
      "_MinT_" : "1.90922516301",
      "_NObs_" : "10",
      "_PartInd_" : "2",
      "_TargetName_" : "DEBTINC",
      "_Value_" : "33.473329522",
      "_formattedPartition_" : "           2"
    },
    "rowNumber" : 52
  }, {
    "dataMap" : {
      "_Column_" : "P_DEBTINC",
      "_DataRole_" : "TEST",
      "_Depth_" : "50",
      "_MaxP_" : "33.473329522",
      "_MaxT_" : "43.9086453331",
      "_MeanP_" : "33.473329522",
      "_MeanT_" : "31.9098569174",
      "_MinP_" : "33.473329522",
      "_MinT_" : "1.90922516301",
      "_NObs_" : "10",
      "_PartInd_" : "2",
      "_TargetName_" : "DEBTINC",
      "_Value_" : "33.473329522",
      "_formattedPartition_" : "           2"
    },
    "rowNumber" : 53
  }, {
    "dataMap" : {
      "_Column_" : "P_DEBTINC",
      "_DataRole_" : "TEST",
      "_Depth_" : "55",
      "_MaxP_" : "33.473329522",
      "_MaxT_" : "43.9086453331",
      "_MeanP_" : "33.473329522",
      "_MeanT_" : "31.9098569174",
      "_MinP_" : "33.473329522",
      "_MinT_" : "1.90922516301",
      "_NObs_" : "10",
      "_PartInd_" : "2",
      "_TargetName_" : "DEBTINC",
      "_Value_" : "33.473329522",
      "_formattedPartition_" : "           2"
    },
    "rowNumber" : 54
  }, {
    "dataMap" : {
      "_Column_" : "P_DEBTINC",
      "_DataRole_" : "TEST",
      "_Depth_" : "60",
      "_MaxP_" : "33.473329522",
      "_MaxT_" : "43.9086453331",
      "_MeanP_" : "33.473329522",
      "_MeanT_" : "31.9098569174",
      "_MinP_" : "33.473329522",
      "_MinT_" : "1.90922516301",
      "_NObs_" : "10",
      "_PartInd_" : "2",
      "_TargetName_" : "DEBTINC",
      "_Value_" : "33.473329522",
      "_formattedPartition_" : "           2"
    },
    "rowNumber" : 55
  }, {
    "dataMap" : {
      "_Column_" : "P_DEBTINC",
      "_DataRole_" : "TEST",
      "_Depth_" : "65",
      "_MaxP_" : "33.473329522",
      "_MaxT_" : "43.9086453331",
      "_MeanP_" : "33.412948853",
      "_MeanT_" : "31.1883444252",
      "_MinP_" : "33.3191433405",
      "_MinT_" : "1.90922516301",
      "_NObs_" : "7",
      "_PartInd_" : "2",
      "_TargetName_" : "DEBTINC",
      "_Value_" : "33.3191433405",
      "_formattedPartition_" : "           2"
    },
    "rowNumber" : 56
  }, {
    "dataMap" : {
      "_Column_" : "P_DEBTINC",
      "_DataRole_" : "TEST",
      "_Depth_" : "70",
      "_MaxP_" : "33.2084530027",
      "_MaxT_" : "40.9438662691",
      "_MeanP_" : "33.0372290269",
      "_MeanT_" : "35.0992317652",
      "_MinP_" : "32.896217507",
      "_MinT_" : "23.668678492",
      "_NObs_" : "10",
      "_PartInd_" : "2",
      "_TargetName_" : "DEBTINC",
      "_Value_" : "32.896217507",
      "_formattedPartition_" : "           2"
    },
    "rowNumber" : 57
  }, {
    "dataMap" : {
      "_Column_" : "P_DEBTINC",
      "_DataRole_" : "TEST",
      "_Depth_" : "75",
      "_MaxP_" : "32.8864850496",
      "_MaxT_" : "42.5655822849",
      "_MeanP_" : "32.7462580131",
      "_MeanT_" : "34.2823681532",
      "_MinP_" : "32.6136367138",
      "_MinT_" : "18.1148958302",
      "_NObs_" : "9",
      "_PartInd_" : "2",
      "_TargetName_" : "DEBTINC",
      "_Value_" : "32.6136367138",
      "_formattedPartition_" : "           2"
    },
    "rowNumber" : 58
  }, {
    "dataMap" : {
      "_Column_" : "P_DEBTINC",
      "_DataRole_" : "TEST",
      "_Depth_" : "80",
      "_MaxP_" : "32.5586500462",
      "_MaxT_" : "42.227214966",
      "_MeanP_" : "32.4483281166",
      "_MeanT_" : "36.7176023229",
      "_MinP_" : "32.2689519479",
      "_MinT_" : "26.2207174317",
      "_NObs_" : "10",
      "_PartInd_" : "2",
      "_TargetName_" : "DEBTINC",
      "_Value_" : "32.2689519479",
      "_formattedPartition_" : "           2"
    },
    "rowNumber" : 59
  }, {
    "dataMap" : {
      "_Column_" : "P_DEBTINC",
      "_DataRole_" : "TEST",
      "_Depth_" : "85",
      "_MaxP_" : "32.248524162",
      "_MaxT_" : "38.8848277604",
      "_MeanP_" : "31.9751433887",
      "_MeanT_" : "32.110591009",
      "_MinP_" : "31.7861756913",
      "_MinT_" : "20.6887148224",
      "_NObs_" : "10",
      "_PartInd_" : "2",
      "_TargetName_" : "DEBTINC",
      "_Value_" : "31.7861756913",
      "_formattedPartition_" : "           2"
    },
    "rowNumber" : 60
  }, {
    "dataMap" : {
      "_Column_" : "P_DEBTINC",
      "_DataRole_" : "TEST",
      "_Depth_" : "90",
      "_MaxP_" : "31.7516549419",
      "_MaxT_" : "41.5967474727",
      "_MeanP_" : "31.6070675385",
      "_MeanT_" : "31.7091781305",
      "_MinP_" : "31.2214756661",
      "_MinT_" : "18.347529385",
      "_NObs_" : "9",
      "_PartInd_" : "2",
      "_TargetName_" : "DEBTINC",
      "_Value_" : "31.2214756661",
      "_formattedPartition_" : "           2"
    },
    "rowNumber" : 61
  }, {
    "dataMap" : {
      "_Column_" : "P_DEBTINC",
      "_DataRole_" : "TEST",
      "_Depth_" : "95",
      "_MaxP_" : "31.1585978348",
      "_MaxT_" : "41.4475059476",
      "_MeanP_" : "30.6510450053",
      "_MeanT_" : "30.1819984185",
      "_MinP_" : "30.0425084579",
      "_MinT_" : "14.26712754",
      "_NObs_" : "10",
      "_PartInd_" : "2",
      "_TargetName_" : "DEBTINC",
      "_Value_" : "30.0425084579",
      "_formattedPartition_" : "           2"
    },
    "rowNumber" : 62
  }, {
    "dataMap" : {
      "_Column_" : "P_DEBTINC",
      "_DataRole_" : "TEST",
      "_Depth_" : "100",
      "_MaxP_" : "29.4465054475",
      "_MaxT_" : "39.9545727847",
      "_MeanP_" : "28.503112854",
      "_MeanT_" : "27.7269954688",
      "_MinP_" : "26.9631598158",
      "_MinT_" : "18.3019594654",
      "_NObs_" : "8",
      "_PartInd_" : "2",
      "_TargetName_" : "DEBTINC",
      "_Value_" : "26.9631598158",
      "_formattedPartition_" : "           2"
    },
    "rowNumber" : 63
  } ],
  "xInteger" : false,
  "yInteger" : false
}