{
  "SASJSONExport" : "1.0 FMTCHARACTER",
  "SASTableData+ARGUMENTS" : [ {
    "name" : "BAD",
    "order" : 1,
    "argtype" : "INPUT",
    "type" : "N",
    "vartype" : "double",
    "format" : "",
    "length" : 8
  }, {
    "name" : "CLAGE",
    "order" : 2,
    "argtype" : "INPUT",
    "type" : "N",
    "vartype" : "double",
    "format" : "",
    "length" : 8
  }, {
    "name" : "CLNO",
    "order" : 3,
    "argtype" : "INPUT",
    "type" : "N",
    "vartype" : "double",
    "format" : "",
    "length" : 8
  }, {
    "name" : "DELINQ",
    "order" : 4,
    "argtype" : "INPUT",
    "type" : "N",
    "vartype" : "double",
    "format" : "",
    "length" : 8
  }, {
    "name" : "DEROG",
    "order" : 5,
    "argtype" : "INPUT",
    "type" : "N",
    "vartype" : "double",
    "format" : "",
    "length" : 8
  }, {
    "name" : "JOB",
    "order" : 6,
    "argtype" : "INPUT",
    "type" : "C",
    "vartype" : "char",
    "format" : "",
    "length" : 7
  }, {
    "name" : "LOAN",
    "order" : 7,
    "argtype" : "INPUT",
    "type" : "N",
    "vartype" : "double",
    "format" : "",
    "length" : 8
  }, {
    "name" : "MORTDUE",
    "order" : 8,
    "argtype" : "INPUT",
    "type" : "N",
    "vartype" : "double",
    "format" : "",
    "length" : 8
  }, {
    "name" : "NINQ",
    "order" : 9,
    "argtype" : "INPUT",
    "type" : "N",
    "vartype" : "double",
    "format" : "",
    "length" : 8
  }, {
    "name" : "REASON",
    "order" : 10,
    "argtype" : "INPUT",
    "type" : "C",
    "vartype" : "char",
    "format" : "",
    "length" : 7
  }, {
    "name" : "VALUE",
    "order" : 11,
    "argtype" : "INPUT",
    "type" : "N",
    "vartype" : "double",
    "format" : "",
    "length" : 8
  }, {
    "name" : "YOJ",
    "order" : 12,
    "argtype" : "INPUT",
    "type" : "N",
    "vartype" : "double",
    "format" : "",
    "length" : 8
  }, {
    "name" : "EM_PREDICTION",
    "order" : 13,
    "argtype" : "INPUT_OUTPUT",
    "type" : "N",
    "vartype" : "double",
    "format" : "",
    "length" : 8
  }, {
    "name" : "P_DEBTINC",
    "order" : 14,
    "argtype" : "INPUT_OUTPUT",
    "type" : "N",
    "vartype" : "double",
    "format" : "",
    "length" : 8
  } ]
}