{
  "creationTimeStamp" : "0001-01-01T00:00:00Z",
  "modifiedTimeStamp" : "0001-01-01T00:00:00Z",
  "revision" : 0,
  "name" : "dmcas_fitstat",
  "version" : 0,
  "order" : 0,
  "parameterMap" : {
    "_ASE_" : {
      "label" : "Average Squared Error",
      "length" : 8,
      "order" : 6,
      "parameter" : "_ASE_",
      "preformatted" : false,
      "type" : "num",
      "values" : [ "_ASE_" ]
    },
    "_DIV_" : {
      "label" : "Divisor for ASE",
      "length" : 8,
      "order" : 7,
      "parameter" : "_DIV_",
      "preformatted" : false,
      "type" : "num",
      "values" : [ "_DIV_" ]
    },
    "_DataRole_" : {
      "label" : "Data Role",
      "length" : 10,
      "order" : 2,
      "parameter" : "_DataRole_",
      "preformatted" : false,
      "type" : "char",
      "values" : [ "_DataRole_" ]
    },
    "_MAE_" : {
      "label" : "Mean Absolute Error",
      "length" : 8,
      "order" : 9,
      "parameter" : "_MAE_",
      "preformatted" : false,
      "type" : "num",
      "values" : [ "_MAE_" ]
    },
    "_MSLE_" : {
      "label" : "Mean Squared Logarithmic Error",
      "length" : 8,
      "order" : 11,
      "parameter" : "_MSLE_",
      "preformatted" : false,
      "type" : "num",
      "values" : [ "_MSLE_" ]
    },
    "_NObs_" : {
      "label" : "Sum of Frequencies",
      "length" : 8,
      "order" : 5,
      "parameter" : "_NObs_",
      "preformatted" : false,
      "type" : "num",
      "values" : [ "_NObs_" ]
    },
    "_PartInd_" : {
      "label" : "Partition Indicator",
      "length" : 8,
      "order" : 3,
      "parameter" : "_PartInd_",
      "preformatted" : false,
      "type" : "num",
      "values" : [ "_PartInd_" ]
    },
    "_RASE_" : {
      "label" : "Root Average Squared Error",
      "length" : 8,
      "order" : 8,
      "parameter" : "_RASE_",
      "preformatted" : false,
      "type" : "num",
      "values" : [ "_RASE_" ]
    },
    "_RMAE_" : {
      "label" : "Root Mean Absolute Error",
      "length" : 8,
      "order" : 10,
      "parameter" : "_RMAE_",
      "preformatted" : false,
      "type" : "num",
      "values" : [ "_RMAE_" ]
    },
    "_RMSLE_" : {
      "label" : "Root Mean Squared Logarithmic Error",
      "length" : 8,
      "order" : 12,
      "parameter" : "_RMSLE_",
      "preformatted" : false,
      "type" : "num",
      "values" : [ "_RMSLE_" ]
    },
    "_TargetName_" : {
      "label" : "Target Name",
      "length" : 8,
      "order" : 1,
      "parameter" : "_TargetName_",
      "preformatted" : false,
      "type" : "char",
      "values" : [ "_TargetName_" ]
    },
    "_formattedPartition_" : {
      "label" : "Formatted Partition",
      "length" : 12,
      "order" : 4,
      "parameter" : "_formattedPartition_",
      "preformatted" : false,
      "type" : "char",
      "values" : [ "_formattedPartition_" ]
    }
  },
  "data" : [ {
    "dataMap" : {
      "_ASE_" : "54.3591531781",
      "_DIV_" : "551",
      "_DataRole_" : "VALIDATE",
      "_MAE_" : "5.741380278",
      "_MSLE_" : "0.0687036776892",
      "_NObs_" : "551",
      "_PartInd_" : "0",
      "_RASE_" : "7.37286600842",
      "_RMAE_" : "2.39611775128",
      "_RMSLE_" : "0.262113863978",
      "_TargetName_" : "DEBTINC",
      "_formattedPartition_" : "           0"
    },
    "rowNumber" : 1
  }, {
    "dataMap" : {
      "_ASE_" : "52.5063374006",
      "_DIV_" : "1129",
      "_DataRole_" : "TRAIN",
      "_MAE_" : "5.5386559134",
      "_MSLE_" : "0.090309078376",
      "_NObs_" : "1129",
      "_PartInd_" : "1",
      "_RASE_" : "7.24612568209",
      "_RMAE_" : "2.35343491803",
      "_RMSLE_" : "0.300514689119",
      "_TargetName_" : "DEBTINC",
      "_formattedPartition_" : "           1"
    },
    "rowNumber" : 2
  }, {
    "dataMap" : {
      "_ASE_" : "117.362673577",
      "_DIV_" : "193",
      "_DataRole_" : "TEST",
      "_MAE_" : "6.50081259023",
      "_MSLE_" : "0.138864853031",
      "_NObs_" : "193",
      "_PartInd_" : "2",
      "_RASE_" : "10.8334054469",
      "_RMAE_" : "2.54966911387",
      "_RMSLE_" : "0.372645747368",
      "_TargetName_" : "DEBTINC",
      "_formattedPartition_" : "           2"
    },
    "rowNumber" : 3
  } ],
  "xInteger" : false,
  "yInteger" : false
}