{
  "creationTimeStamp" : "0001-01-01T00:00:00Z",
  "modifiedTimeStamp" : "0001-01-01T00:00:00Z",
  "revision" : 0,
  "name" : "dmcas_properties",
  "version" : 0,
  "order" : 0,
  "parameterMap" : {
    "propertyName" : {
      "label" : "Property Name",
      "length" : 256,
      "parameter" : "propertyName",
      "preformatted" : false,
      "type" : "undefined",
      "values" : [ "propertyName" ]
    },
    "propertyValue" : {
      "label" : "Property Value",
      "length" : 256,
      "parameter" : "propertyValue",
      "preformatted" : false,
      "type" : "undefined",
      "values" : [ "propertyValue" ]
    }
  },
  "data" : [ {
    "dataMap" : {
      "propertyName" : "chooseCriterion",
      "propertyValue" : "SBC"
    },
    "rowNumber" : 1
  }, {
    "dataMap" : {
      "propertyName" : "codeLocation",
      "propertyValue" : "mlearning"
    },
    "rowNumber" : 2
  }, {
    "dataMap" : {
      "propertyName" : "dataMiningVersion",
      "propertyValue" : "V2020.1.1"
    },
    "rowNumber" : 3
  }, {
    "dataMap" : {
      "propertyName" : "exactPctlLift",
      "propertyValue" : "true"
    },
    "rowNumber" : 4
  }, {
    "dataMap" : {
      "propertyName" : "explainFidelity",
      "propertyValue" : "false"
    },
    "rowNumber" : 5
  }, {
    "dataMap" : {
      "propertyName" : "explainInfo",
      "propertyValue" : "false"
    },
    "rowNumber" : 6
  }, {
    "dataMap" : {
      "propertyName" : "factorInteractions",
      "propertyValue" : "false"
    },
    "rowNumber" : 7
  }, {
    "dataMap" : {
      "propertyName" : "factorSplit",
      "propertyValue" : "false"
    },
    "rowNumber" : 8
  }, {
    "dataMap" : {
      "propertyName" : "fullDatasetReconstitution",
      "propertyValue" : "false"
    },
    "rowNumber" : 9
  }, {
    "dataMap" : {
      "propertyName" : "hierarchy",
      "propertyValue" : "NONE"
    },
    "rowNumber" : 10
  }, {
    "dataMap" : {
      "propertyName" : "icePlots",
      "propertyValue" : "false"
    },
    "rowNumber" : 11
  }, {
    "dataMap" : {
      "propertyName" : "informativeMiss",
      "propertyValue" : "false"
    },
    "rowNumber" : 12
  }, {
    "dataMap" : {
      "propertyName" : "lsCoeffs",
      "propertyValue" : "true"
    },
    "rowNumber" : 13
  }, {
    "dataMap" : {
      "propertyName" : "maxEffects",
      "propertyValue" : "0"
    },
    "rowNumber" : 14
  }, {
    "dataMap" : {
      "propertyName" : "maxNumShapVars",
      "propertyValue" : "20"
    },
    "rowNumber" : 15
  }, {
    "dataMap" : {
      "propertyName" : "maxSteps",
      "propertyValue" : "0"
    },
    "rowNumber" : 16
  }, {
    "dataMap" : {
      "propertyName" : "minEffects",
      "propertyValue" : "0"
    },
    "rowNumber" : 17
  }, {
    "dataMap" : {
      "propertyName" : "missAsLvl",
      "propertyValue" : "false"
    },
    "rowNumber" : 18
  }, {
    "dataMap" : {
      "propertyName" : "nBins",
      "propertyValue" : "50"
    },
    "rowNumber" : 19
  }, {
    "dataMap" : {
      "propertyName" : "pdNumImportantInputs",
      "propertyValue" : "5"
    },
    "rowNumber" : 20
  }, {
    "dataMap" : {
      "propertyName" : "pdObsSamples",
      "propertyValue" : "1000"
    },
    "rowNumber" : 21
  }, {
    "dataMap" : {
      "propertyName" : "pdPlots",
      "propertyValue" : "false"
    },
    "rowNumber" : 22
  }, {
    "dataMap" : {
      "propertyName" : "performKernelShap",
      "propertyValue" : "false"
    },
    "rowNumber" : 23
  }, {
    "dataMap" : {
      "propertyName" : "performLime",
      "propertyValue" : "false"
    },
    "rowNumber" : 24
  }, {
    "dataMap" : {
      "propertyName" : "performVI",
      "propertyValue" : "false"
    },
    "rowNumber" : 25
  }, {
    "dataMap" : {
      "propertyName" : "polynomialDegree",
      "propertyValue" : "2"
    },
    "rowNumber" : 26
  }, {
    "dataMap" : {
      "propertyName" : "reportingOnly",
      "propertyValue" : "false"
    },
    "rowNumber" : 27
  }, {
    "dataMap" : {
      "propertyName" : "seedId",
      "propertyValue" : "12345"
    },
    "rowNumber" : 28
  }, {
    "dataMap" : {
      "propertyName" : "selectCriterion",
      "propertyValue" : "SBC"
    },
    "rowNumber" : 29
  }, {
    "dataMap" : {
      "propertyName" : "selectMethod",
      "propertyValue" : "NONE"
    },
    "rowNumber" : 30
  }, {
    "dataMap" : {
      "propertyName" : "slEntry",
      "propertyValue" : "0.05"
    },
    "rowNumber" : 31
  }, {
    "dataMap" : {
      "propertyName" : "slStay",
      "propertyValue" : "0.05"
    },
    "rowNumber" : 32
  }, {
    "dataMap" : {
      "propertyName" : "specifyRows",
      "propertyValue" : "RANDOM"
    },
    "rowNumber" : 33
  }, {
    "dataMap" : {
      "propertyName" : "stopCriterion",
      "propertyValue" : "SBC"
    },
    "rowNumber" : 34
  }, {
    "dataMap" : {
      "propertyName" : "suppressIntercept",
      "propertyValue" : "false"
    },
    "rowNumber" : 35
  }, {
    "dataMap" : {
      "propertyName" : "templateRevision",
      "propertyValue" : "1"
    },
    "rowNumber" : 36
  }, {
    "dataMap" : {
      "propertyName" : "train",
      "propertyValue" : "true"
    },
    "rowNumber" : 37
  }, {
    "dataMap" : {
      "propertyName" : "truncateLl",
      "propertyValue" : "5"
    },
    "rowNumber" : 38
  }, {
    "dataMap" : {
      "propertyName" : "truncateUl",
      "propertyValue" : "95"
    },
    "rowNumber" : 39
  }, {
    "dataMap" : {
      "propertyName" : "usePolynomial",
      "propertyValue" : "false"
    },
    "rowNumber" : 40
  }, {
    "dataMap" : {
      "propertyName" : "useSpline",
      "propertyValue" : "false"
    },
    "rowNumber" : 41
  }, {
    "dataMap" : {
      "propertyName" : "useSplineSplit",
      "propertyValue" : "false"
    },
    "rowNumber" : 42
  } ],
  "xInteger" : false,
  "yInteger" : false
}