{
  "product" : "DMCAS",
  "project" : "ae96cd5e-746e-4851-820d-f71972ed8010",
  "target" : {
    "name" : "'DEBTINC'n",
    "level" : "INTERVAL",
    "format" : "",
    "order" : "",
    "label" : "",
    "event" : "",
    "SASJSONExport" : "1.0 PRETTY",
    "SASTableData+DMCAS_TARGETLEVEL" : [ {
      "_TYPE_" : "",
      "resourceId" : "5e21b266-d644-49f3-8fb7-7cd03529371c",
      "id" : "ae96cd5e-746e-4851-820d-f71972ed8010",
      "_predictedvar_" : "P_DEBTINC",
      "_variable_" : "DEBTINC",
      "_rawchar_" : "",
      "_cfmt_" : "",
      "_label_" : "Predicted: DEBTINC",
      "_event_flag_" : "N",
      "revision" : 0
    } ]
  }
}