{
   "creationTimeStamp": "2024-02-16T22:06:17.457Z",
   "createdBy": "edmdev",
   "modifiedTimeStamp": "2024-02-16T22:06:17.457Z",
   "modifiedBy": "edmdev",
   "id": "a290819b-0f48-4c66-b597-8bdbada26e7d",
   "name": "QS_Reg1_Interval",
   "scoreCodeType": "dataStep",
   "algorithm": "linearreg",
   "function": "prediction",
   "modeler": "sasdemo",
   "trainTable": "/dataTables/dataSources/cas~fs~cas-shared-default~fs~Public/tables/HMEQ_TRAIN",
   "predictionVariable": "P_DEBTINC",
   "targetVariable": "DEBTINC",
   "targetLevel": "interval",
   "tool": "Model Studio",
   "toolVersion": "V2020.1.1",
   "copiedFrom": "QS_Reg1_Interval(1.1)",
   "modelVersionName": "1.0",
   "custom properties": []
}