{
  "creationTimeStamp" : "0001-01-01T00:00:00Z",
  "modifiedTimeStamp" : "0001-01-01T00:00:00Z",
  "revision" : 0,
  "name" : "dmcas_properties",
  "version" : 0,
  "order" : 0,
  "parameterMap" : {
    "propertyName" : {
      "label" : "Property Name",
      "length" : 256,
      "parameter" : "propertyName",
      "preformatted" : false,
      "type" : "undefined",
      "values" : [ "propertyName" ]
    },
    "propertyValue" : {
      "label" : "Property Value",
      "length" : 256,
      "parameter" : "propertyValue",
      "preformatted" : false,
      "type" : "undefined",
      "values" : [ "propertyValue" ]
    }
  },
  "data" : [ {
    "dataMap" : {
      "propertyName" : "alpha",
      "propertyValue" : "0.2"
    },
    "rowNumber" : 1
  }, {
    "dataMap" : {
      "propertyName" : "atAppendLookup",
      "propertyValue" : "false"
    },
    "rowNumber" : 2
  }, {
    "dataMap" : {
      "propertyName" : "atCreateHistory",
      "propertyValue" : "false"
    },
    "rowNumber" : 3
  }, {
    "dataMap" : {
      "propertyName" : "atHistoryLibUri",
      "propertyValue" : ""
    },
    "rowNumber" : 4
  }, {
    "dataMap" : {
      "propertyName" : "atHistoryTblName",
      "propertyValue" : ""
    },
    "rowNumber" : 5
  }, {
    "dataMap" : {
      "propertyName" : "atLeaveAutotuneOn",
      "propertyValue" : "false"
    },
    "rowNumber" : 6
  }, {
    "dataMap" : {
      "propertyName" : "atLookupTableUri",
      "propertyValue" : ""
    },
    "rowNumber" : 7
  }, {
    "dataMap" : {
      "propertyName" : "atMaxBayes",
      "propertyValue" : "100"
    },
    "rowNumber" : 8
  }, {
    "dataMap" : {
      "propertyName" : "atMaxEval",
      "propertyValue" : "50"
    },
    "rowNumber" : 9
  }, {
    "dataMap" : {
      "propertyName" : "atMaxIter",
      "propertyValue" : "5"
    },
    "rowNumber" : 10
  }, {
    "dataMap" : {
      "propertyName" : "atMaxParents",
      "propertyValue" : "true"
    },
    "rowNumber" : 11
  }, {
    "dataMap" : {
      "propertyName" : "atMaxParentsInit",
      "propertyValue" : "5"
    },
    "rowNumber" : 12
  }, {
    "dataMap" : {
      "propertyName" : "atMaxParentsLB",
      "propertyValue" : "1"
    },
    "rowNumber" : 13
  }, {
    "dataMap" : {
      "propertyName" : "atMaxParentsUB",
      "propertyValue" : "5"
    },
    "rowNumber" : 14
  }, {
    "dataMap" : {
      "propertyName" : "atMaxTime",
      "propertyValue" : "60"
    },
    "rowNumber" : 15
  }, {
    "dataMap" : {
      "propertyName" : "atNBin",
      "propertyValue" : "true"
    },
    "rowNumber" : 16
  }, {
    "dataMap" : {
      "propertyName" : "atNBinInit",
      "propertyValue" : "10"
    },
    "rowNumber" : 17
  }, {
    "dataMap" : {
      "propertyName" : "atNBinLB",
      "propertyValue" : "2"
    },
    "rowNumber" : 18
  }, {
    "dataMap" : {
      "propertyName" : "atNBinUB",
      "propertyValue" : "20"
    },
    "rowNumber" : 19
  }, {
    "dataMap" : {
      "propertyName" : "atObjectiveInt",
      "propertyValue" : "ASE"
    },
    "rowNumber" : 20
  }, {
    "dataMap" : {
      "propertyName" : "atObjectiveNom",
      "propertyValue" : "KS"
    },
    "rowNumber" : 21
  }, {
    "dataMap" : {
      "propertyName" : "atParenting",
      "propertyValue" : "true"
    },
    "rowNumber" : 22
  }, {
    "dataMap" : {
      "propertyName" : "atParentingVals",
      "propertyValue" : " BESTONE   BESTSET"
    },
    "rowNumber" : 23
  }, {
    "dataMap" : {
      "propertyName" : "atPopSize",
      "propertyValue" : "10"
    },
    "rowNumber" : 24
  }, {
    "dataMap" : {
      "propertyName" : "atSampleSize",
      "propertyValue" : "50"
    },
    "rowNumber" : 25
  }, {
    "dataMap" : {
      "propertyName" : "atSearchMethod",
      "propertyValue" : "GA"
    },
    "rowNumber" : 26
  }, {
    "dataMap" : {
      "propertyName" : "atStructureVals",
      "propertyValue" : " NAIVE   TAN   PC"
    },
    "rowNumber" : 27
  }, {
    "dataMap" : {
      "propertyName" : "atTrainProp",
      "propertyValue" : "0.7"
    },
    "rowNumber" : 28
  }, {
    "dataMap" : {
      "propertyName" : "atUpdateProperties",
      "propertyValue" : "false"
    },
    "rowNumber" : 29
  }, {
    "dataMap" : {
      "propertyName" : "atUseLookup",
      "propertyValue" : "false"
    },
    "rowNumber" : 30
  }, {
    "dataMap" : {
      "propertyName" : "atValidFold",
      "propertyValue" : "5"
    },
    "rowNumber" : 31
  }, {
    "dataMap" : {
      "propertyName" : "atValidMethod",
      "propertyValue" : "PARTITION"
    },
    "rowNumber" : 32
  }, {
    "dataMap" : {
      "propertyName" : "atValidProp",
      "propertyValue" : "0.3"
    },
    "rowNumber" : 33
  }, {
    "dataMap" : {
      "propertyName" : "autotune_enabled",
      "propertyValue" : "false"
    },
    "rowNumber" : 34
  }, {
    "dataMap" : {
      "propertyName" : "bestMaxParents",
      "propertyValue" : "true"
    },
    "rowNumber" : 35
  }, {
    "dataMap" : {
      "propertyName" : "binaryProbCutoff",
      "propertyValue" : "0.5"
    },
    "rowNumber" : 36
  }, {
    "dataMap" : {
      "propertyName" : "codeLocation",
      "propertyValue" : "mlearning"
    },
    "rowNumber" : 37
  }, {
    "dataMap" : {
      "propertyName" : "dataMiningVersion",
      "propertyValue" : "V2023.03"
    },
    "rowNumber" : 38
  }, {
    "dataMap" : {
      "propertyName" : "exactPctlLift",
      "propertyValue" : "true"
    },
    "rowNumber" : 39
  }, {
    "dataMap" : {
      "propertyName" : "explainFidelity",
      "propertyValue" : "false"
    },
    "rowNumber" : 40
  }, {
    "dataMap" : {
      "propertyName" : "explainInfo",
      "propertyValue" : "false"
    },
    "rowNumber" : 41
  }, {
    "dataMap" : {
      "propertyName" : "fullDatasetReconstitution",
      "propertyValue" : "false"
    },
    "rowNumber" : 42
  }, {
    "dataMap" : {
      "propertyName" : "icePlots",
      "propertyValue" : "false"
    },
    "rowNumber" : 43
  }, {
    "dataMap" : {
      "propertyName" : "indepTest",
      "propertyValue" : "GSQUARE"
    },
    "rowNumber" : 44
  }, {
    "dataMap" : {
      "propertyName" : "maxNumShapVars",
      "propertyValue" : "20"
    },
    "rowNumber" : 45
  }, {
    "dataMap" : {
      "propertyName" : "maxParents",
      "propertyValue" : "5"
    },
    "rowNumber" : 46
  }, {
    "dataMap" : {
      "propertyName" : "missingInt",
      "propertyValue" : "IGNORE"
    },
    "rowNumber" : 47
  }, {
    "dataMap" : {
      "propertyName" : "missingNom",
      "propertyValue" : "IGNORE"
    },
    "rowNumber" : 48
  }, {
    "dataMap" : {
      "propertyName" : "nBin",
      "propertyValue" : "10"
    },
    "rowNumber" : 49
  }, {
    "dataMap" : {
      "propertyName" : "nBins",
      "propertyValue" : "50"
    },
    "rowNumber" : 50
  }, {
    "dataMap" : {
      "propertyName" : "parenting",
      "propertyValue" : "BESTSET"
    },
    "rowNumber" : 51
  }, {
    "dataMap" : {
      "propertyName" : "pdNumImportantInputs",
      "propertyValue" : "5"
    },
    "rowNumber" : 52
  }, {
    "dataMap" : {
      "propertyName" : "pdObsSamples",
      "propertyValue" : "1000"
    },
    "rowNumber" : 53
  }, {
    "dataMap" : {
      "propertyName" : "pdPlots",
      "propertyValue" : "false"
    },
    "rowNumber" : 54
  }, {
    "dataMap" : {
      "propertyName" : "performKernelShap",
      "propertyValue" : "false"
    },
    "rowNumber" : 55
  }, {
    "dataMap" : {
      "propertyName" : "performLime",
      "propertyValue" : "false"
    },
    "rowNumber" : 56
  }, {
    "dataMap" : {
      "propertyName" : "performVI",
      "propertyValue" : "false"
    },
    "rowNumber" : 57
  }, {
    "dataMap" : {
      "propertyName" : "preScreen",
      "propertyValue" : "true"
    },
    "rowNumber" : 58
  }, {
    "dataMap" : {
      "propertyName" : "reportingOnly",
      "propertyValue" : "false"
    },
    "rowNumber" : 59
  }, {
    "dataMap" : {
      "propertyName" : "seedId",
      "propertyValue" : "12345"
    },
    "rowNumber" : 60
  }, {
    "dataMap" : {
      "propertyName" : "specifyRows",
      "propertyValue" : "RANDOM"
    },
    "rowNumber" : 61
  }, {
    "dataMap" : {
      "propertyName" : "structure",
      "propertyValue" : " NAIVE   TAN   PC"
    },
    "rowNumber" : 62
  }, {
    "dataMap" : {
      "propertyName" : "templateRevision",
      "propertyValue" : "3"
    },
    "rowNumber" : 63
  }, {
    "dataMap" : {
      "propertyName" : "train",
      "propertyValue" : "true"
    },
    "rowNumber" : 64
  }, {
    "dataMap" : {
      "propertyName" : "truncateLl",
      "propertyValue" : "5"
    },
    "rowNumber" : 65
  }, {
    "dataMap" : {
      "propertyName" : "truncateUl",
      "propertyValue" : "95"
    },
    "rowNumber" : 66
  }, {
    "dataMap" : {
      "propertyName" : "userProbCutoff",
      "propertyValue" : "false"
    },
    "rowNumber" : 67
  }, {
    "dataMap" : {
      "propertyName" : "varSelect",
      "propertyValue" : "false"
    },
    "rowNumber" : 68
  } ],
  "xInteger" : false,
  "yInteger" : false
}