{
  "creationTimeStamp" : "0001-01-01T00:00:00Z",
  "modifiedTimeStamp" : "0001-01-01T00:00:00Z",
  "revision" : 0,
  "name" : "dmcas_scoreoutputs",
  "version" : 0,
  "order" : 0,
  "parameterMap" : {
    "CREATOR" : {
      "label" : "Creator",
      "length" : 255,
      "order" : 8,
      "parameter" : "CREATOR",
      "preformatted" : false,
      "type" : "char",
      "values" : [ "CREATOR" ]
    },
    "CREATORGUID" : {
      "label" : "Creator GUID",
      "length" : 36,
      "order" : 10,
      "parameter" : "CREATORGUID",
      "preformatted" : false,
      "type" : "char",
      "values" : [ "CREATORGUID" ]
    },
    "FORMAT" : {
      "label" : "Variable Format",
      "length" : 36,
      "order" : 6,
      "parameter" : "FORMAT",
      "preformatted" : false,
      "type" : "char",
      "values" : [ "FORMAT" ]
    },
    "FUNCTION" : {
      "label" : "Function",
      "length" : 32,
      "order" : 9,
      "parameter" : "FUNCTION",
      "preformatted" : false,
      "type" : "char",
      "values" : [ "FUNCTION" ]
    },
    "LABEL" : {
      "label" : "Variable Label",
      "length" : 256,
      "order" : 5,
      "parameter" : "LABEL",
      "preformatted" : false,
      "type" : "char",
      "values" : [ "LABEL" ]
    },
    "LENGTH" : {
      "label" : "Variable Length",
      "length" : 8,
      "order" : 7,
      "parameter" : "LENGTH",
      "preformatted" : false,
      "type" : "num",
      "values" : [ "LENGTH" ]
    },
    "NAME" : {
      "label" : "Name",
      "length" : 255,
      "order" : 1,
      "parameter" : "NAME",
      "preformatted" : false,
      "type" : "char",
      "values" : [ "NAME" ]
    },
    "ROLE" : {
      "label" : "Role",
      "length" : 32,
      "order" : 2,
      "parameter" : "ROLE",
      "preformatted" : false,
      "type" : "char",
      "values" : [ "ROLE" ]
    },
    "TYPE" : {
      "label" : "Type",
      "length" : 1,
      "order" : 3,
      "parameter" : "TYPE",
      "preformatted" : false,
      "type" : "char",
      "values" : [ "TYPE" ]
    },
    "VARTYPE" : {
      "label" : "Variable Type",
      "length" : 32,
      "order" : 4,
      "parameter" : "VARTYPE",
      "preformatted" : false,
      "type" : "char",
      "values" : [ "VARTYPE" ]
    }
  },
  "data" : [ {
    "dataMap" : {
      "CREATOR" : "bnet",
      "CREATORGUID" : "41e1c74b-834a-4f41-acc1-ddcaf56fb809",
      "FORMAT" : "",
      "FUNCTION" : "CLASSIFICATION",
      "LABEL" : "Predicted for BAD",
      "LENGTH" : "12",
      "NAME" : "EM_CLASSIFICATION",
      "ROLE" : "CLASSIFICATION",
      "TYPE" : "C",
      "VARTYPE" : "char"
    },
    "rowNumber" : 1
  }, {
    "dataMap" : {
      "CREATOR" : "bnet",
      "CREATORGUID" : "41e1c74b-834a-4f41-acc1-ddcaf56fb809",
      "FORMAT" : "",
      "FUNCTION" : "PREDICT",
      "LABEL" : "Probability for BAD=1",
      "LENGTH" : "8",
      "NAME" : "EM_EVENTPROBABILITY",
      "ROLE" : "PREDICT",
      "TYPE" : "N",
      "VARTYPE" : "double"
    },
    "rowNumber" : 2
  }, {
    "dataMap" : {
      "CREATOR" : "bnet",
      "CREATORGUID" : "41e1c74b-834a-4f41-acc1-ddcaf56fb809",
      "FORMAT" : "",
      "FUNCTION" : "PREDICT",
      "LABEL" : "Probability of Classification",
      "LENGTH" : "8",
      "NAME" : "EM_PROBABILITY",
      "ROLE" : "PREDICT",
      "TYPE" : "N",
      "VARTYPE" : "double"
    },
    "rowNumber" : 3
  }, {
    "dataMap" : {
      "CREATOR" : "impute",
      "CREATORGUID" : "2dc0e14b-9811-4fb9-8154-4edcdbeaf2a0",
      "FORMAT" : "",
      "FUNCTION" : "TRANSFORM",
      "LABEL" : "Imputed CLAGE",
      "LENGTH" : "8",
      "NAME" : "IMP_CLAGE",
      "ROLE" : "INPUT",
      "TYPE" : "N",
      "VARTYPE" : "double"
    },
    "rowNumber" : 4
  }, {
    "dataMap" : {
      "CREATOR" : "impute",
      "CREATORGUID" : "2dc0e14b-9811-4fb9-8154-4edcdbeaf2a0",
      "FORMAT" : "",
      "FUNCTION" : "TRANSFORM",
      "LABEL" : "Imputed CLNO",
      "LENGTH" : "8",
      "NAME" : "IMP_CLNO",
      "ROLE" : "INPUT",
      "TYPE" : "N",
      "VARTYPE" : "double"
    },
    "rowNumber" : 5
  }, {
    "dataMap" : {
      "CREATOR" : "impute",
      "CREATORGUID" : "2dc0e14b-9811-4fb9-8154-4edcdbeaf2a0",
      "FORMAT" : "",
      "FUNCTION" : "TRANSFORM",
      "LABEL" : "Imputed DEBTINC",
      "LENGTH" : "8",
      "NAME" : "IMP_DEBTINC",
      "ROLE" : "INPUT",
      "TYPE" : "N",
      "VARTYPE" : "double"
    },
    "rowNumber" : 6
  }, {
    "dataMap" : {
      "CREATOR" : "impute",
      "CREATORGUID" : "2dc0e14b-9811-4fb9-8154-4edcdbeaf2a0",
      "FORMAT" : "",
      "FUNCTION" : "TRANSFORM",
      "LABEL" : "Imputed DELINQ",
      "LENGTH" : "8",
      "NAME" : "IMP_DELINQ",
      "ROLE" : "INPUT",
      "TYPE" : "N",
      "VARTYPE" : "double"
    },
    "rowNumber" : 7
  }, {
    "dataMap" : {
      "CREATOR" : "impute",
      "CREATORGUID" : "2dc0e14b-9811-4fb9-8154-4edcdbeaf2a0",
      "FORMAT" : "",
      "FUNCTION" : "TRANSFORM",
      "LABEL" : "Imputed DEROG",
      "LENGTH" : "8",
      "NAME" : "IMP_DEROG",
      "ROLE" : "INPUT",
      "TYPE" : "N",
      "VARTYPE" : "double"
    },
    "rowNumber" : 8
  }, {
    "dataMap" : {
      "CREATOR" : "impute",
      "CREATORGUID" : "2dc0e14b-9811-4fb9-8154-4edcdbeaf2a0",
      "FORMAT" : "",
      "FUNCTION" : "TRANSFORM",
      "LABEL" : "Imputed JOB",
      "LENGTH" : "7",
      "NAME" : "IMP_JOB",
      "ROLE" : "INPUT",
      "TYPE" : "C",
      "VARTYPE" : "char"
    },
    "rowNumber" : 9
  }, {
    "dataMap" : {
      "CREATOR" : "impute",
      "CREATORGUID" : "2dc0e14b-9811-4fb9-8154-4edcdbeaf2a0",
      "FORMAT" : "",
      "FUNCTION" : "TRANSFORM",
      "LABEL" : "Imputed MORTDUE",
      "LENGTH" : "8",
      "NAME" : "IMP_MORTDUE",
      "ROLE" : "INPUT",
      "TYPE" : "N",
      "VARTYPE" : "double"
    },
    "rowNumber" : 10
  }, {
    "dataMap" : {
      "CREATOR" : "impute",
      "CREATORGUID" : "2dc0e14b-9811-4fb9-8154-4edcdbeaf2a0",
      "FORMAT" : "",
      "FUNCTION" : "TRANSFORM",
      "LABEL" : "Imputed NINQ",
      "LENGTH" : "8",
      "NAME" : "IMP_NINQ",
      "ROLE" : "INPUT",
      "TYPE" : "N",
      "VARTYPE" : "double"
    },
    "rowNumber" : 11
  }, {
    "dataMap" : {
      "CREATOR" : "impute",
      "CREATORGUID" : "2dc0e14b-9811-4fb9-8154-4edcdbeaf2a0",
      "FORMAT" : "",
      "FUNCTION" : "TRANSFORM",
      "LABEL" : "Imputed REASON",
      "LENGTH" : "7",
      "NAME" : "IMP_REASON",
      "ROLE" : "INPUT",
      "TYPE" : "C",
      "VARTYPE" : "char"
    },
    "rowNumber" : 12
  }, {
    "dataMap" : {
      "CREATOR" : "impute",
      "CREATORGUID" : "2dc0e14b-9811-4fb9-8154-4edcdbeaf2a0",
      "FORMAT" : "",
      "FUNCTION" : "TRANSFORM",
      "LABEL" : "Imputed VALUE",
      "LENGTH" : "8",
      "NAME" : "IMP_VALUE",
      "ROLE" : "INPUT",
      "TYPE" : "N",
      "VARTYPE" : "double"
    },
    "rowNumber" : 13
  }, {
    "dataMap" : {
      "CREATOR" : "impute",
      "CREATORGUID" : "2dc0e14b-9811-4fb9-8154-4edcdbeaf2a0",
      "FORMAT" : "",
      "FUNCTION" : "TRANSFORM",
      "LABEL" : "Imputed YOJ",
      "LENGTH" : "8",
      "NAME" : "IMP_YOJ",
      "ROLE" : "INPUT",
      "TYPE" : "N",
      "VARTYPE" : "double"
    },
    "rowNumber" : 14
  }, {
    "dataMap" : {
      "CREATOR" : "bnet",
      "CREATORGUID" : "41e1c74b-834a-4f41-acc1-ddcaf56fb809",
      "FORMAT" : "",
      "FUNCTION" : "CLASSIFICATION",
      "LABEL" : "Into: BAD",
      "LENGTH" : "12",
      "NAME" : "I_BAD",
      "ROLE" : "CLASSIFICATION",
      "TYPE" : "C",
      "VARTYPE" : "char"
    },
    "rowNumber" : 15
  }, {
    "dataMap" : {
      "CREATOR" : "bnet",
      "CREATORGUID" : "41e1c74b-834a-4f41-acc1-ddcaf56fb809",
      "FORMAT" : "",
      "FUNCTION" : "PREDICT",
      "LABEL" : "Predicted: BAD=0",
      "LENGTH" : "8",
      "NAME" : "P_BAD0",
      "ROLE" : "PREDICT",
      "TYPE" : "N",
      "VARTYPE" : "double"
    },
    "rowNumber" : 16
  }, {
    "dataMap" : {
      "CREATOR" : "bnet",
      "CREATORGUID" : "41e1c74b-834a-4f41-acc1-ddcaf56fb809",
      "FORMAT" : "",
      "FUNCTION" : "PREDICT",
      "LABEL" : "Predicted: BAD=1",
      "LENGTH" : "8",
      "NAME" : "P_BAD1",
      "ROLE" : "PREDICT",
      "TYPE" : "N",
      "VARTYPE" : "double"
    },
    "rowNumber" : 17
  }, {
    "dataMap" : {
      "CREATOR" : "bnet",
      "CREATORGUID" : "41e1c74b-834a-4f41-acc1-ddcaf56fb809",
      "FORMAT" : "",
      "FUNCTION" : "PREDICT",
      "LABEL" : "",
      "LENGTH" : "8",
      "NAME" : "_P_",
      "ROLE" : "ASSESS",
      "TYPE" : "N",
      "VARTYPE" : "double"
    },
    "rowNumber" : 18
  }, {
    "dataMap" : {
      "CREATOR" : "bnet",
      "CREATORGUID" : "41e1c74b-834a-4f41-acc1-ddcaf56fb809",
      "FORMAT" : "",
      "FUNCTION" : "ASSESS",
      "LABEL" : "Warnings",
      "LENGTH" : "4",
      "NAME" : "_WARN_",
      "ROLE" : "ASSESS",
      "TYPE" : "C",
      "VARTYPE" : "char"
    },
    "rowNumber" : 19
  } ],
  "xInteger" : false,
  "yInteger" : false
}