{
  "product" : "DMCAS",
  "project" : "5b27354e-28a2-49f1-8cd4-16c5315bc1b4",
  "target" : {
    "name" : "BAD",
    "level" : "BINARY",
    "format" : "",
    "order" : "",
    "label" : "",
    "event" : "           1",
    "SASJSONExport" : "1.0 PRETTY",
    "SASTableData+DMCAS_TARGETLEVEL" : [ {
      "_TYPE_" : "",
      "resourceId" : "cd379d0f-532d-4f91-8ee1-0e96649436e8",
      "id" : "5b27354e-28a2-49f1-8cd4-16c5315bc1b4",
      "_predictedvar_" : "I_BAD",
      "_variable_" : "BAD",
      "_rawchar_" : "",
      "_cfmt_" : "",
      "_label_" : "Into: BAD",
      "_event_flag_" : "N",
      "revision" : 0
    }, {
      "_TYPE_" : "",
      "resourceId" : "c8adde5c-1d42-4347-8de1-62f18606607d",
      "id" : "5b27354e-28a2-49f1-8cd4-16c5315bc1b4",
      "_predictedvar_" : "P_BAD1",
      "_variable_" : "BAD",
      "_index_" : 1,
      "_freq_" : 476,
      "freqPercent" : 19.991600168,
      "nmissPercent" : 19.991600168,
      "_rawnum_" : 1,
      "_rawchar_" : "",
      "_cfmt_" : "           1",
      "_label_" : "Predicted: BAD=1",
      "_event_flag_" : "Y",
      "revision" : 0
    }, {
      "_TYPE_" : "",
      "resourceId" : "80d40ab7-7a23-43c0-8921-8b80201ea30a",
      "id" : "5b27354e-28a2-49f1-8cd4-16c5315bc1b4",
      "_predictedvar_" : "P_BAD0",
      "_variable_" : "BAD",
      "_index_" : 2,
      "_freq_" : 1905,
      "freqPercent" : 80.008399832,
      "nmissPercent" : 80.008399832,
      "_rawnum_" : 0,
      "_rawchar_" : "",
      "_cfmt_" : "           0",
      "_label_" : "Predicted: BAD=0",
      "_event_flag_" : "N",
      "revision" : 0
    } ]
  }
}