{
  "creationTimeStamp" : "0001-01-01T00:00:00Z",
  "modifiedTimeStamp" : "0001-01-01T00:00:00Z",
  "revision" : 0,
  "name" : "dmcas_lift",
  "version" : 0,
  "order" : 0,
  "parameterMap" : {
    "_Column_" : {
      "label" : "Analysis Variable",
      "length" : 6,
      "order" : 5,
      "parameter" : "_Column_",
      "preformatted" : false,
      "type" : "char",
      "values" : [ "_Column_" ]
    },
    "_CumLiftBest_" : {
      "label" : "Best Cumulative Lift",
      "length" : 8,
      "order" : 19,
      "parameter" : "_CumLiftBest_",
      "preformatted" : false,
      "type" : "num",
      "values" : [ "_CumLiftBest_" ]
    },
    "_CumLift_" : {
      "label" : "Cumulative Lift",
      "length" : 8,
      "order" : 18,
      "parameter" : "_CumLift_",
      "preformatted" : false,
      "type" : "num",
      "values" : [ "_CumLift_" ]
    },
    "_CumPctRespBest_" : {
      "label" : "Best Cumulative Response Percentage",
      "length" : 8,
      "order" : 23,
      "parameter" : "_CumPctRespBest_",
      "preformatted" : false,
      "type" : "num",
      "values" : [ "_CumPctRespBest_" ]
    },
    "_CumPctResp_" : {
      "label" : "Cumulative Response Percentage",
      "length" : 8,
      "order" : 22,
      "parameter" : "_CumPctResp_",
      "preformatted" : false,
      "type" : "num",
      "values" : [ "_CumPctResp_" ]
    },
    "_CumRespBest_" : {
      "label" : "Best Cumulative Captured Response Percentage",
      "length" : 8,
      "order" : 17,
      "parameter" : "_CumRespBest_",
      "preformatted" : false,
      "type" : "num",
      "values" : [ "_CumRespBest_" ]
    },
    "_CumResp_" : {
      "label" : "Cumulative Captured Response Percentage",
      "length" : 8,
      "order" : 16,
      "parameter" : "_CumResp_",
      "preformatted" : false,
      "type" : "num",
      "values" : [ "_CumResp_" ]
    },
    "_DataRole_" : {
      "label" : "Data Role",
      "length" : 10,
      "order" : 2,
      "parameter" : "_DataRole_",
      "preformatted" : false,
      "type" : "char",
      "values" : [ "_DataRole_" ]
    },
    "_Depth_" : {
      "label" : "Depth",
      "length" : 8,
      "order" : 7,
      "parameter" : "_Depth_",
      "preformatted" : false,
      "type" : "num",
      "values" : [ "_Depth_" ]
    },
    "_Event_" : {
      "label" : "Event",
      "length" : 12,
      "order" : 6,
      "parameter" : "_Event_",
      "preformatted" : false,
      "type" : "char",
      "values" : [ "_Event_" ]
    },
    "_GainBest_" : {
      "label" : "Best Gain",
      "length" : 8,
      "order" : 25,
      "parameter" : "_GainBest_",
      "preformatted" : false,
      "type" : "num",
      "values" : [ "_GainBest_" ]
    },
    "_Gain_" : {
      "label" : "Gain",
      "length" : 8,
      "order" : 24,
      "parameter" : "_Gain_",
      "preformatted" : false,
      "type" : "num",
      "values" : [ "_Gain_" ]
    },
    "_LiftBest_" : {
      "label" : "Best Lift",
      "length" : 8,
      "order" : 15,
      "parameter" : "_LiftBest_",
      "preformatted" : false,
      "type" : "num",
      "values" : [ "_LiftBest_" ]
    },
    "_Lift_" : {
      "label" : "Lift",
      "length" : 8,
      "order" : 14,
      "parameter" : "_Lift_",
      "preformatted" : false,
      "type" : "num",
      "values" : [ "_Lift_" ]
    },
    "_NEventsBest_" : {
      "label" : "Best Number of Events",
      "length" : 8,
      "order" : 11,
      "parameter" : "_NEventsBest_",
      "preformatted" : false,
      "type" : "num",
      "values" : [ "_NEventsBest_" ]
    },
    "_NEvents_" : {
      "label" : "Number of Events",
      "length" : 8,
      "order" : 10,
      "parameter" : "_NEvents_",
      "preformatted" : false,
      "type" : "num",
      "values" : [ "_NEvents_" ]
    },
    "_NObs_" : {
      "label" : "Number of Observations",
      "length" : 8,
      "order" : 9,
      "parameter" : "_NObs_",
      "preformatted" : false,
      "type" : "num",
      "values" : [ "_NObs_" ]
    },
    "_PartInd_" : {
      "label" : "Partition Indicator",
      "length" : 8,
      "order" : 3,
      "parameter" : "_PartInd_",
      "preformatted" : false,
      "type" : "num",
      "values" : [ "_PartInd_" ]
    },
    "_PctRespBest_" : {
      "label" : "Best Response Percentage",
      "length" : 8,
      "order" : 21,
      "parameter" : "_PctRespBest_",
      "preformatted" : false,
      "type" : "num",
      "values" : [ "_PctRespBest_" ]
    },
    "_PctResp_" : {
      "label" : "Response Percentage",
      "length" : 8,
      "order" : 20,
      "parameter" : "_PctResp_",
      "preformatted" : false,
      "type" : "num",
      "values" : [ "_PctResp_" ]
    },
    "_RespBest_" : {
      "label" : "Best Captured Response Percentage",
      "length" : 8,
      "order" : 13,
      "parameter" : "_RespBest_",
      "preformatted" : false,
      "type" : "num",
      "values" : [ "_RespBest_" ]
    },
    "_Resp_" : {
      "label" : "Captured Response Percentage",
      "length" : 8,
      "order" : 12,
      "parameter" : "_Resp_",
      "preformatted" : false,
      "type" : "num",
      "values" : [ "_Resp_" ]
    },
    "_TargetName_" : {
      "label" : "Target Name",
      "length" : 3,
      "order" : 1,
      "parameter" : "_TargetName_",
      "preformatted" : false,
      "type" : "char",
      "values" : [ "_TargetName_" ]
    },
    "_Value_" : {
      "label" : "Value",
      "length" : 8,
      "order" : 8,
      "parameter" : "_Value_",
      "preformatted" : false,
      "type" : "num",
      "values" : [ "_Value_" ]
    },
    "_formattedPartition_" : {
      "label" : "Formatted Partition",
      "length" : 12,
      "order" : 4,
      "parameter" : "_formattedPartition_",
      "preformatted" : false,
      "type" : "char",
      "values" : [ "_formattedPartition_" ]
    }
  },
  "data" : [ {
    "dataMap" : {
      "_Column_" : "P_BAD1",
      "_CumRespBest_" : "0",
      "_CumResp_" : "0",
      "_DataRole_" : "VALIDATE",
      "_Depth_" : "0",
      "_Event_" : "           1",
      "_NEventsBest_" : "0",
      "_NEvents_" : "0",
      "_NObs_" : "0",
      "_PartInd_" : "0",
      "_RespBest_" : "0",
      "_Resp_" : "0",
      "_TargetName_" : "BAD",
      "_Value_" : "0",
      "_formattedPartition_" : "           0"
    },
    "rowNumber" : 1
  }, {
    "dataMap" : {
      "_Column_" : "P_BAD1",
      "_CumLiftBest_" : "5.03496503497",
      "_CumLift_" : "3.35664335664",
      "_CumPctRespBest_" : "100",
      "_CumPctResp_" : "66.6666666667",
      "_CumRespBest_" : "25.1748251748",
      "_CumResp_" : "16.7832167832",
      "_DataRole_" : "VALIDATE",
      "_Depth_" : "5",
      "_Event_" : "           1",
      "_GainBest_" : "4.03496503497",
      "_Gain_" : "2.35664335664",
      "_LiftBest_" : "5.03496503497",
      "_Lift_" : "3.35664335664",
      "_NEventsBest_" : "36",
      "_NEvents_" : "24",
      "_NObs_" : "36",
      "_PartInd_" : "0",
      "_PctRespBest_" : "100",
      "_PctResp_" : "66.6666666667",
      "_RespBest_" : "25.1748251748",
      "_Resp_" : "16.7832167832",
      "_TargetName_" : "BAD",
      "_Value_" : "0.725436351228",
      "_formattedPartition_" : "           0"
    },
    "rowNumber" : 2
  }, {
    "dataMap" : {
      "_Column_" : "P_BAD1",
      "_CumLiftBest_" : "5.03496503497",
      "_CumLift_" : "2.93706293706",
      "_CumPctRespBest_" : "100",
      "_CumPctResp_" : "58.3333333333",
      "_CumRespBest_" : "50.3496503497",
      "_CumResp_" : "29.3706293706",
      "_DataRole_" : "VALIDATE",
      "_Depth_" : "10",
      "_Event_" : "           1",
      "_GainBest_" : "4.03496503497",
      "_Gain_" : "1.93706293706",
      "_LiftBest_" : "5.03496503497",
      "_Lift_" : "2.51748251748",
      "_NEventsBest_" : "36",
      "_NEvents_" : "18",
      "_NObs_" : "36",
      "_PartInd_" : "0",
      "_PctRespBest_" : "100",
      "_PctResp_" : "50",
      "_RespBest_" : "25.1748251748",
      "_Resp_" : "12.5874125874",
      "_TargetName_" : "BAD",
      "_Value_" : "0.523068999021",
      "_formattedPartition_" : "           0"
    },
    "rowNumber" : 3
  }, {
    "dataMap" : {
      "_Column_" : "P_BAD1",
      "_CumLiftBest_" : "5.03496503497",
      "_CumLift_" : "2.65734265734",
      "_CumPctRespBest_" : "100",
      "_CumPctResp_" : "52.7777777778",
      "_CumRespBest_" : "75.5244755245",
      "_CumResp_" : "39.8601398601",
      "_DataRole_" : "VALIDATE",
      "_Depth_" : "15",
      "_Event_" : "           1",
      "_GainBest_" : "4.03496503497",
      "_Gain_" : "1.65734265734",
      "_LiftBest_" : "5.03496503497",
      "_Lift_" : "2.0979020979",
      "_NEventsBest_" : "36",
      "_NEvents_" : "15",
      "_NObs_" : "36",
      "_PartInd_" : "0",
      "_PctRespBest_" : "100",
      "_PctResp_" : "41.6666666667",
      "_RespBest_" : "25.1748251748",
      "_Resp_" : "10.4895104895",
      "_TargetName_" : "BAD",
      "_Value_" : "0.368451449095",
      "_formattedPartition_" : "           0"
    },
    "rowNumber" : 4
  }, {
    "dataMap" : {
      "_Column_" : "P_BAD1",
      "_CumLiftBest_" : "5",
      "_CumLift_" : "2.37762237762",
      "_CumPctRespBest_" : "99.3055555556",
      "_CumPctResp_" : "47.2222222222",
      "_CumRespBest_" : "100",
      "_CumResp_" : "47.5524475524",
      "_DataRole_" : "VALIDATE",
      "_Depth_" : "20",
      "_Event_" : "           1",
      "_GainBest_" : "4",
      "_Gain_" : "1.37762237762",
      "_LiftBest_" : "4.8951048951",
      "_Lift_" : "1.53846153846",
      "_NEventsBest_" : "35",
      "_NEvents_" : "11",
      "_NObs_" : "36",
      "_PartInd_" : "0",
      "_PctRespBest_" : "97.2222222222",
      "_PctResp_" : "30.5555555556",
      "_RespBest_" : "24.4755244755",
      "_Resp_" : "7.69230769231",
      "_TargetName_" : "BAD",
      "_Value_" : "0.301337096865",
      "_formattedPartition_" : "           0"
    },
    "rowNumber" : 5
  }, {
    "dataMap" : {
      "_Column_" : "P_BAD1",
      "_CumLiftBest_" : "4",
      "_CumLift_" : "2.20979020979",
      "_CumPctRespBest_" : "79.4444444444",
      "_CumPctResp_" : "43.8888888889",
      "_CumRespBest_" : "100",
      "_CumResp_" : "55.2447552448",
      "_DataRole_" : "VALIDATE",
      "_Depth_" : "25",
      "_Event_" : "           1",
      "_GainBest_" : "3",
      "_Gain_" : "1.20979020979",
      "_LiftBest_" : "0",
      "_Lift_" : "1.53846153846",
      "_NEventsBest_" : "0",
      "_NEvents_" : "11",
      "_NObs_" : "36",
      "_PartInd_" : "0",
      "_PctRespBest_" : "0",
      "_PctResp_" : "30.5555555556",
      "_RespBest_" : "0",
      "_Resp_" : "7.69230769231",
      "_TargetName_" : "BAD",
      "_Value_" : "0.234712712347",
      "_formattedPartition_" : "           0"
    },
    "rowNumber" : 6
  }, {
    "dataMap" : {
      "_Column_" : "P_BAD1",
      "_CumLiftBest_" : "3.33333333333",
      "_CumLift_" : "1.98135198135",
      "_CumPctRespBest_" : "66.2037037037",
      "_CumPctResp_" : "39.3518518519",
      "_CumRespBest_" : "100",
      "_CumResp_" : "59.4405594406",
      "_DataRole_" : "VALIDATE",
      "_Depth_" : "30",
      "_Event_" : "           1",
      "_GainBest_" : "2.33333333333",
      "_Gain_" : "0.981351981352",
      "_LiftBest_" : "0",
      "_Lift_" : "0.839160839161",
      "_NEventsBest_" : "0",
      "_NEvents_" : "6",
      "_NObs_" : "36",
      "_PartInd_" : "0",
      "_PctRespBest_" : "0",
      "_PctResp_" : "16.6666666667",
      "_RespBest_" : "0",
      "_Resp_" : "4.1958041958",
      "_TargetName_" : "BAD",
      "_Value_" : "0.198789312617",
      "_formattedPartition_" : "           0"
    },
    "rowNumber" : 7
  }, {
    "dataMap" : {
      "_Column_" : "P_BAD1",
      "_CumLiftBest_" : "2.85714285714",
      "_CumLift_" : "1.85814185814",
      "_CumPctRespBest_" : "56.9721115538",
      "_CumPctResp_" : "37.0517928287",
      "_CumRespBest_" : "100",
      "_CumResp_" : "65.034965035",
      "_DataRole_" : "VALIDATE",
      "_Depth_" : "35",
      "_Event_" : "           1",
      "_GainBest_" : "1.85714285714",
      "_Gain_" : "0.858141858142",
      "_LiftBest_" : "0",
      "_Lift_" : "1.11888111888",
      "_NEventsBest_" : "0",
      "_NEvents_" : "8",
      "_NObs_" : "35",
      "_PartInd_" : "0",
      "_PctRespBest_" : "0",
      "_PctResp_" : "22.8571428571",
      "_RespBest_" : "0",
      "_Resp_" : "5.59440559441",
      "_TargetName_" : "BAD",
      "_Value_" : "0.167178788048",
      "_formattedPartition_" : "           0"
    },
    "rowNumber" : 8
  }, {
    "dataMap" : {
      "_Column_" : "P_BAD1",
      "_CumLiftBest_" : "2.5",
      "_CumLift_" : "1.85314685315",
      "_CumPctRespBest_" : "49.8257839721",
      "_CumPctResp_" : "36.9337979094",
      "_CumRespBest_" : "100",
      "_CumResp_" : "74.1258741259",
      "_DataRole_" : "VALIDATE",
      "_Depth_" : "40",
      "_Event_" : "           1",
      "_GainBest_" : "1.5",
      "_Gain_" : "0.853146853147",
      "_LiftBest_" : "0",
      "_Lift_" : "1.81818181818",
      "_NEventsBest_" : "0",
      "_NEvents_" : "13",
      "_NObs_" : "36",
      "_PartInd_" : "0",
      "_PctRespBest_" : "0",
      "_PctResp_" : "36.1111111111",
      "_RespBest_" : "0",
      "_Resp_" : "9.09090909091",
      "_TargetName_" : "BAD",
      "_Value_" : "0.132816983015",
      "_formattedPartition_" : "           0"
    },
    "rowNumber" : 9
  }, {
    "dataMap" : {
      "_Column_" : "P_BAD1",
      "_CumLiftBest_" : "2.22222222222",
      "_CumLift_" : "1.7871017871",
      "_CumPctRespBest_" : "44.1358024691",
      "_CumPctResp_" : "35.4938271605",
      "_CumRespBest_" : "100",
      "_CumResp_" : "80.4195804196",
      "_DataRole_" : "VALIDATE",
      "_Depth_" : "45",
      "_Event_" : "           1",
      "_GainBest_" : "1.22222222222",
      "_Gain_" : "0.787101787102",
      "_LiftBest_" : "0",
      "_Lift_" : "1.25874125874",
      "_NEventsBest_" : "0",
      "_NEvents_" : "9",
      "_NObs_" : "37",
      "_PartInd_" : "0",
      "_PctRespBest_" : "0",
      "_PctResp_" : "24.3243243243",
      "_RespBest_" : "0",
      "_Resp_" : "6.29370629371",
      "_TargetName_" : "BAD",
      "_Value_" : "0.11426142123",
      "_formattedPartition_" : "           0"
    },
    "rowNumber" : 10
  }, {
    "dataMap" : {
      "_Column_" : "P_BAD1",
      "_CumLiftBest_" : "2",
      "_CumLift_" : "1.66433566434",
      "_CumPctRespBest_" : "39.9441340782",
      "_CumPctResp_" : "33.2402234637",
      "_CumRespBest_" : "100",
      "_CumResp_" : "83.2167832168",
      "_DataRole_" : "VALIDATE",
      "_Depth_" : "50",
      "_Event_" : "           1",
      "_GainBest_" : "1",
      "_Gain_" : "0.664335664336",
      "_LiftBest_" : "0",
      "_Lift_" : "0.559440559441",
      "_NEventsBest_" : "0",
      "_NEvents_" : "4",
      "_NObs_" : "34",
      "_PartInd_" : "0",
      "_PctRespBest_" : "0",
      "_PctResp_" : "11.7647058824",
      "_RespBest_" : "0",
      "_Resp_" : "2.7972027972",
      "_TargetName_" : "BAD",
      "_Value_" : "0.096915512495",
      "_formattedPartition_" : "           0"
    },
    "rowNumber" : 11
  }, {
    "dataMap" : {
      "_Column_" : "P_BAD1",
      "_CumLiftBest_" : "1.81818181818",
      "_CumLift_" : "1.52574698029",
      "_CumPctRespBest_" : "36.2944162437",
      "_CumPctResp_" : "30.4568527919",
      "_CumRespBest_" : "100",
      "_CumResp_" : "83.9160839161",
      "_DataRole_" : "VALIDATE",
      "_Depth_" : "55",
      "_Event_" : "           1",
      "_GainBest_" : "0.818181818182",
      "_Gain_" : "0.525746980292",
      "_LiftBest_" : "0",
      "_Lift_" : "0.13986013986",
      "_NEventsBest_" : "0",
      "_NEvents_" : "1",
      "_NObs_" : "36",
      "_PartInd_" : "0",
      "_PctRespBest_" : "0",
      "_PctResp_" : "2.77777777778",
      "_RespBest_" : "0",
      "_Resp_" : "0.699300699301",
      "_TargetName_" : "BAD",
      "_Value_" : "0.0863380624617",
      "_formattedPartition_" : "           0"
    },
    "rowNumber" : 12
  }, {
    "dataMap" : {
      "_Column_" : "P_BAD1",
      "_CumLiftBest_" : "1.66666666667",
      "_CumLift_" : "1.45687645688",
      "_CumPctRespBest_" : "33.2558139535",
      "_CumPctResp_" : "29.0697674419",
      "_CumRespBest_" : "100",
      "_CumResp_" : "87.4125874126",
      "_DataRole_" : "VALIDATE",
      "_Depth_" : "60",
      "_Event_" : "           1",
      "_GainBest_" : "0.666666666667",
      "_Gain_" : "0.456876456876",
      "_LiftBest_" : "0",
      "_Lift_" : "0.699300699301",
      "_NEventsBest_" : "0",
      "_NEvents_" : "5",
      "_NObs_" : "36",
      "_PartInd_" : "0",
      "_PctRespBest_" : "0",
      "_PctResp_" : "13.8888888889",
      "_RespBest_" : "0",
      "_Resp_" : "3.4965034965",
      "_TargetName_" : "BAD",
      "_Value_" : "0.0766337690731",
      "_formattedPartition_" : "           0"
    },
    "rowNumber" : 13
  }, {
    "dataMap" : {
      "_Column_" : "P_BAD1",
      "_CumLiftBest_" : "1.53846153846",
      "_CumLift_" : "1.37708445401",
      "_CumPctRespBest_" : "30.686695279",
      "_CumPctResp_" : "27.4678111588",
      "_CumRespBest_" : "100",
      "_CumResp_" : "89.5104895105",
      "_DataRole_" : "VALIDATE",
      "_Depth_" : "65",
      "_Event_" : "           1",
      "_GainBest_" : "0.538461538462",
      "_Gain_" : "0.377084454008",
      "_LiftBest_" : "0",
      "_Lift_" : "0.41958041958",
      "_NEventsBest_" : "0",
      "_NEvents_" : "3",
      "_NObs_" : "36",
      "_PartInd_" : "0",
      "_PctRespBest_" : "0",
      "_PctResp_" : "8.33333333333",
      "_RespBest_" : "0",
      "_Resp_" : "2.0979020979",
      "_TargetName_" : "BAD",
      "_Value_" : "0.0662335962322",
      "_formattedPartition_" : "           0"
    },
    "rowNumber" : 14
  }, {
    "dataMap" : {
      "_Column_" : "P_BAD1",
      "_CumLiftBest_" : "1.42857142857",
      "_CumLift_" : "1.31868131868",
      "_CumPctRespBest_" : "28.5429141717",
      "_CumPctResp_" : "26.3473053892",
      "_CumRespBest_" : "100",
      "_CumResp_" : "92.3076923077",
      "_DataRole_" : "VALIDATE",
      "_Depth_" : "70",
      "_Event_" : "           1",
      "_GainBest_" : "0.428571428571",
      "_Gain_" : "0.318681318681",
      "_LiftBest_" : "0",
      "_Lift_" : "0.559440559441",
      "_NEventsBest_" : "0",
      "_NEvents_" : "4",
      "_NObs_" : "35",
      "_PartInd_" : "0",
      "_PctRespBest_" : "0",
      "_PctResp_" : "11.4285714286",
      "_RespBest_" : "0",
      "_Resp_" : "2.7972027972",
      "_TargetName_" : "BAD",
      "_Value_" : "0.0544498803546",
      "_formattedPartition_" : "           0"
    },
    "rowNumber" : 15
  }, {
    "dataMap" : {
      "_Column_" : "P_BAD1",
      "_CumLiftBest_" : "1.33333333333",
      "_CumLift_" : "1.26806526807",
      "_CumPctRespBest_" : "26.6294227188",
      "_CumPctResp_" : "25.3258845438",
      "_CumRespBest_" : "100",
      "_CumResp_" : "95.1048951049",
      "_DataRole_" : "VALIDATE",
      "_Depth_" : "75",
      "_Event_" : "           1",
      "_GainBest_" : "0.333333333333",
      "_Gain_" : "0.268065268065",
      "_LiftBest_" : "0",
      "_Lift_" : "0.559440559441",
      "_NEventsBest_" : "0",
      "_NEvents_" : "4",
      "_NObs_" : "36",
      "_PartInd_" : "0",
      "_PctRespBest_" : "0",
      "_PctResp_" : "11.1111111111",
      "_RespBest_" : "0",
      "_Resp_" : "2.7972027972",
      "_TargetName_" : "BAD",
      "_Value_" : "0.0441456266454",
      "_formattedPartition_" : "           0"
    },
    "rowNumber" : 16
  }, {
    "dataMap" : {
      "_Column_" : "P_BAD1",
      "_CumLiftBest_" : "1.25",
      "_CumLift_" : "1.21503496503",
      "_CumPctRespBest_" : "24.9563699825",
      "_CumPctResp_" : "24.2582897033",
      "_CumRespBest_" : "100",
      "_CumResp_" : "97.2027972028",
      "_DataRole_" : "VALIDATE",
      "_Depth_" : "80",
      "_Event_" : "           1",
      "_GainBest_" : "0.25",
      "_Gain_" : "0.215034965035",
      "_LiftBest_" : "0",
      "_Lift_" : "0.41958041958",
      "_NEventsBest_" : "0",
      "_NEvents_" : "3",
      "_NObs_" : "36",
      "_PartInd_" : "0",
      "_PctRespBest_" : "0",
      "_PctResp_" : "8.33333333333",
      "_RespBest_" : "0",
      "_Resp_" : "2.0979020979",
      "_TargetName_" : "BAD",
      "_Value_" : "0.0353698380404",
      "_formattedPartition_" : "           0"
    },
    "rowNumber" : 17
  }, {
    "dataMap" : {
      "_Column_" : "P_BAD1",
      "_CumLiftBest_" : "1.17647058824",
      "_CumLift_" : "1.15178938708",
      "_CumPctRespBest_" : "23.5197368421",
      "_CumPctResp_" : "23.0263157895",
      "_CumRespBest_" : "100",
      "_CumResp_" : "97.9020979021",
      "_DataRole_" : "VALIDATE",
      "_Depth_" : "85",
      "_Event_" : "           1",
      "_GainBest_" : "0.176470588235",
      "_Gain_" : "0.151789387084",
      "_LiftBest_" : "0",
      "_Lift_" : "0.13986013986",
      "_NEventsBest_" : "0",
      "_NEvents_" : "1",
      "_NObs_" : "35",
      "_PartInd_" : "0",
      "_PctRespBest_" : "0",
      "_PctResp_" : "2.85714285714",
      "_RespBest_" : "0",
      "_Resp_" : "0.699300699301",
      "_TargetName_" : "BAD",
      "_Value_" : "0.0257671487985",
      "_formattedPartition_" : "           0"
    },
    "rowNumber" : 18
  }, {
    "dataMap" : {
      "_Column_" : "P_BAD1",
      "_CumLiftBest_" : "1.11111111111",
      "_CumLift_" : "1.09557109557",
      "_CumPctRespBest_" : "22.2049689441",
      "_CumPctResp_" : "21.8944099379",
      "_CumRespBest_" : "100",
      "_CumResp_" : "98.6013986014",
      "_DataRole_" : "VALIDATE",
      "_Depth_" : "90",
      "_Event_" : "           1",
      "_GainBest_" : "0.111111111111",
      "_Gain_" : "0.0955710955711",
      "_LiftBest_" : "0",
      "_Lift_" : "0.13986013986",
      "_NEventsBest_" : "0",
      "_NEvents_" : "1",
      "_NObs_" : "36",
      "_PartInd_" : "0",
      "_PctRespBest_" : "0",
      "_PctResp_" : "2.77777777778",
      "_RespBest_" : "0",
      "_Resp_" : "0.699300699301",
      "_TargetName_" : "BAD",
      "_Value_" : "0.0186462948119",
      "_formattedPartition_" : "           0"
    },
    "rowNumber" : 19
  }, {
    "dataMap" : {
      "_Column_" : "P_BAD1",
      "_CumLiftBest_" : "1.05263157895",
      "_CumLift_" : "1.05263157895",
      "_CumPctRespBest_" : "21.0294117647",
      "_CumPctResp_" : "21.0294117647",
      "_CumRespBest_" : "100",
      "_CumResp_" : "100",
      "_DataRole_" : "VALIDATE",
      "_Depth_" : "95",
      "_Event_" : "           1",
      "_GainBest_" : "0.0526315789474",
      "_Gain_" : "0.0526315789474",
      "_LiftBest_" : "0",
      "_Lift_" : "0.27972027972",
      "_NEventsBest_" : "0",
      "_NEvents_" : "2",
      "_NObs_" : "36",
      "_PartInd_" : "0",
      "_PctRespBest_" : "0",
      "_PctResp_" : "5.55555555556",
      "_RespBest_" : "0",
      "_Resp_" : "1.3986013986",
      "_TargetName_" : "BAD",
      "_Value_" : "0.00966568427846",
      "_formattedPartition_" : "           0"
    },
    "rowNumber" : 20
  }, {
    "dataMap" : {
      "_Column_" : "P_BAD1",
      "_CumLiftBest_" : "1",
      "_CumLift_" : "1",
      "_CumPctRespBest_" : "20.0280112045",
      "_CumPctResp_" : "20.0280112045",
      "_CumRespBest_" : "100",
      "_CumResp_" : "100",
      "_DataRole_" : "VALIDATE",
      "_Depth_" : "100",
      "_Event_" : "           1",
      "_GainBest_" : "0",
      "_Gain_" : "0",
      "_LiftBest_" : "0",
      "_Lift_" : "0",
      "_NEventsBest_" : "0",
      "_NEvents_" : "0",
      "_NObs_" : "34",
      "_PartInd_" : "0",
      "_PctRespBest_" : "0",
      "_PctResp_" : "0",
      "_RespBest_" : "0",
      "_Resp_" : "0",
      "_TargetName_" : "BAD",
      "_Value_" : "0.00266113351797",
      "_formattedPartition_" : "           0"
    },
    "rowNumber" : 21
  }, {
    "dataMap" : {
      "_Column_" : "P_BAD1",
      "_CumRespBest_" : "0",
      "_CumResp_" : "0",
      "_DataRole_" : "TRAIN",
      "_Depth_" : "0",
      "_Event_" : "           1",
      "_NEventsBest_" : "0",
      "_NEvents_" : "0",
      "_NObs_" : "0",
      "_PartInd_" : "1",
      "_RespBest_" : "0",
      "_Resp_" : "0",
      "_TargetName_" : "BAD",
      "_Value_" : "0",
      "_formattedPartition_" : "           1"
    },
    "rowNumber" : 22
  }, {
    "dataMap" : {
      "_Column_" : "P_BAD1",
      "_CumLiftBest_" : "5.05263157895",
      "_CumLift_" : "4.49122807018",
      "_CumPctRespBest_" : "100",
      "_CumPctResp_" : "88.8888888889",
      "_CumRespBest_" : "25.2631578947",
      "_CumResp_" : "22.4561403509",
      "_DataRole_" : "TRAIN",
      "_Depth_" : "5",
      "_Event_" : "           1",
      "_GainBest_" : "4.05263157895",
      "_Gain_" : "3.49122807018",
      "_LiftBest_" : "5.05263157895",
      "_Lift_" : "4.49122807018",
      "_NEventsBest_" : "72",
      "_NEvents_" : "64",
      "_NObs_" : "72",
      "_PartInd_" : "1",
      "_PctRespBest_" : "100",
      "_PctResp_" : "88.8888888889",
      "_RespBest_" : "25.2631578947",
      "_Resp_" : "22.4561403509",
      "_TargetName_" : "BAD",
      "_Value_" : "0.766093739731",
      "_formattedPartition_" : "           1"
    },
    "rowNumber" : 23
  }, {
    "dataMap" : {
      "_Column_" : "P_BAD1",
      "_CumLiftBest_" : "5.05263157895",
      "_CumLift_" : "4",
      "_CumPctRespBest_" : "100",
      "_CumPctResp_" : "79.1666666667",
      "_CumRespBest_" : "50.5263157895",
      "_CumResp_" : "40",
      "_DataRole_" : "TRAIN",
      "_Depth_" : "10",
      "_Event_" : "           1",
      "_GainBest_" : "4.05263157895",
      "_Gain_" : "3",
      "_LiftBest_" : "5.05263157895",
      "_Lift_" : "3.50877192982",
      "_NEventsBest_" : "72",
      "_NEvents_" : "50",
      "_NObs_" : "72",
      "_PartInd_" : "1",
      "_PctRespBest_" : "100",
      "_PctResp_" : "69.4444444444",
      "_RespBest_" : "25.2631578947",
      "_Resp_" : "17.5438596491",
      "_TargetName_" : "BAD",
      "_Value_" : "0.532248592472",
      "_formattedPartition_" : "           1"
    },
    "rowNumber" : 24
  }, {
    "dataMap" : {
      "_Column_" : "P_BAD1",
      "_CumLiftBest_" : "5.05263157895",
      "_CumLift_" : "3.50877192982",
      "_CumPctRespBest_" : "100",
      "_CumPctResp_" : "69.4444444444",
      "_CumRespBest_" : "75.7894736842",
      "_CumResp_" : "52.6315789474",
      "_DataRole_" : "TRAIN",
      "_Depth_" : "15",
      "_Event_" : "           1",
      "_GainBest_" : "4.05263157895",
      "_Gain_" : "2.50877192982",
      "_LiftBest_" : "5.05263157895",
      "_Lift_" : "2.52631578947",
      "_NEventsBest_" : "72",
      "_NEvents_" : "36",
      "_NObs_" : "72",
      "_PartInd_" : "1",
      "_PctRespBest_" : "100",
      "_PctResp_" : "50",
      "_RespBest_" : "25.2631578947",
      "_Resp_" : "12.6315789474",
      "_TargetName_" : "BAD",
      "_Value_" : "0.365979424195",
      "_formattedPartition_" : "           1"
    },
    "rowNumber" : 25
  }, {
    "dataMap" : {
      "_Column_" : "P_BAD1",
      "_CumLiftBest_" : "5",
      "_CumLift_" : "2.94736842105",
      "_CumPctRespBest_" : "98.9583333333",
      "_CumPctResp_" : "58.3333333333",
      "_CumRespBest_" : "100",
      "_CumResp_" : "58.9473684211",
      "_DataRole_" : "TRAIN",
      "_Depth_" : "20",
      "_Event_" : "           1",
      "_GainBest_" : "4",
      "_Gain_" : "1.94736842105",
      "_LiftBest_" : "4.84210526316",
      "_Lift_" : "1.26315789474",
      "_NEventsBest_" : "69",
      "_NEvents_" : "18",
      "_NObs_" : "72",
      "_PartInd_" : "1",
      "_PctRespBest_" : "95.8333333333",
      "_PctResp_" : "25",
      "_RespBest_" : "24.2105263158",
      "_Resp_" : "6.31578947368",
      "_TargetName_" : "BAD",
      "_Value_" : "0.27473589451",
      "_formattedPartition_" : "           1"
    },
    "rowNumber" : 26
  }, {
    "dataMap" : {
      "_Column_" : "P_BAD1",
      "_CumLiftBest_" : "4",
      "_CumLift_" : "2.58245614035",
      "_CumPctRespBest_" : "79.6089385475",
      "_CumPctResp_" : "51.3966480447",
      "_CumRespBest_" : "100",
      "_CumResp_" : "64.5614035088",
      "_DataRole_" : "TRAIN",
      "_Depth_" : "25",
      "_Event_" : "           1",
      "_GainBest_" : "3",
      "_Gain_" : "1.58245614035",
      "_LiftBest_" : "0",
      "_Lift_" : "1.12280701754",
      "_NEventsBest_" : "0",
      "_NEvents_" : "16",
      "_NObs_" : "70",
      "_PartInd_" : "1",
      "_PctRespBest_" : "0",
      "_PctResp_" : "22.8571428571",
      "_RespBest_" : "0",
      "_Resp_" : "5.61403508772",
      "_TargetName_" : "BAD",
      "_Value_" : "0.220123491166",
      "_formattedPartition_" : "           1"
    },
    "rowNumber" : 27
  }, {
    "dataMap" : {
      "_Column_" : "P_BAD1",
      "_CumLiftBest_" : "3.33333333333",
      "_CumLift_" : "2.37426900585",
      "_CumPctRespBest_" : "66.2790697674",
      "_CumPctResp_" : "47.2093023256",
      "_CumRespBest_" : "100",
      "_CumResp_" : "71.2280701754",
      "_DataRole_" : "TRAIN",
      "_Depth_" : "30",
      "_Event_" : "           1",
      "_GainBest_" : "2.33333333333",
      "_Gain_" : "1.37426900585",
      "_LiftBest_" : "0",
      "_Lift_" : "1.33333333333",
      "_NEventsBest_" : "0",
      "_NEvents_" : "19",
      "_NObs_" : "72",
      "_PartInd_" : "1",
      "_PctRespBest_" : "0",
      "_PctResp_" : "26.3888888889",
      "_RespBest_" : "0",
      "_Resp_" : "6.66666666667",
      "_TargetName_" : "BAD",
      "_Value_" : "0.186815736012",
      "_formattedPartition_" : "           1"
    },
    "rowNumber" : 28
  }, {
    "dataMap" : {
      "_Column_" : "P_BAD1",
      "_CumLiftBest_" : "2.85714285714",
      "_CumLift_" : "2.17543859649",
      "_CumPctRespBest_" : "56.8862275449",
      "_CumPctResp_" : "43.3133732535",
      "_CumRespBest_" : "100",
      "_CumResp_" : "76.1403508772",
      "_DataRole_" : "TRAIN",
      "_Depth_" : "35",
      "_Event_" : "           1",
      "_GainBest_" : "1.85714285714",
      "_Gain_" : "1.17543859649",
      "_LiftBest_" : "0",
      "_Lift_" : "0.982456140351",
      "_NEventsBest_" : "0",
      "_NEvents_" : "14",
      "_NObs_" : "71",
      "_PartInd_" : "1",
      "_PctRespBest_" : "0",
      "_PctResp_" : "19.7183098592",
      "_RespBest_" : "0",
      "_Resp_" : "4.91228070175",
      "_TargetName_" : "BAD",
      "_Value_" : "0.155534111182",
      "_formattedPartition_" : "           1"
    },
    "rowNumber" : 29
  }, {
    "dataMap" : {
      "_Column_" : "P_BAD1",
      "_CumLiftBest_" : "2.5",
      "_CumLift_" : "2.05263157895",
      "_CumPctRespBest_" : "49.6515679443",
      "_CumPctResp_" : "40.7665505226",
      "_CumRespBest_" : "100",
      "_CumResp_" : "82.1052631579",
      "_DataRole_" : "TRAIN",
      "_Depth_" : "40",
      "_Event_" : "           1",
      "_GainBest_" : "1.5",
      "_Gain_" : "1.05263157895",
      "_LiftBest_" : "0",
      "_Lift_" : "1.19298245614",
      "_NEventsBest_" : "0",
      "_NEvents_" : "17",
      "_NObs_" : "73",
      "_PartInd_" : "1",
      "_PctRespBest_" : "0",
      "_PctResp_" : "23.2876712329",
      "_RespBest_" : "0",
      "_Resp_" : "5.9649122807",
      "_TargetName_" : "BAD",
      "_Value_" : "0.132270782603",
      "_formattedPartition_" : "           1"
    },
    "rowNumber" : 30
  }, {
    "dataMap" : {
      "_Column_" : "P_BAD1",
      "_CumLiftBest_" : "2.22222222222",
      "_CumLift_" : "1.90253411306",
      "_CumPctRespBest_" : "44.1860465116",
      "_CumPctResp_" : "37.8294573643",
      "_CumRespBest_" : "100",
      "_CumResp_" : "85.6140350877",
      "_DataRole_" : "TRAIN",
      "_Depth_" : "45",
      "_Event_" : "           1",
      "_GainBest_" : "1.22222222222",
      "_Gain_" : "0.90253411306",
      "_LiftBest_" : "0",
      "_Lift_" : "0.701754385965",
      "_NEventsBest_" : "0",
      "_NEvents_" : "10",
      "_NObs_" : "71",
      "_PartInd_" : "1",
      "_PctRespBest_" : "0",
      "_PctResp_" : "14.0845070423",
      "_RespBest_" : "0",
      "_Resp_" : "3.50877192982",
      "_TargetName_" : "BAD",
      "_Value_" : "0.111760814407",
      "_formattedPartition_" : "           1"
    },
    "rowNumber" : 31
  }, {
    "dataMap" : {
      "_Column_" : "P_BAD1",
      "_CumLiftBest_" : "2",
      "_CumLift_" : "1.74736842105",
      "_CumPctRespBest_" : "39.8044692737",
      "_CumPctResp_" : "34.7765363128",
      "_CumRespBest_" : "100",
      "_CumResp_" : "87.3684210526",
      "_DataRole_" : "TRAIN",
      "_Depth_" : "50",
      "_Event_" : "           1",
      "_GainBest_" : "1",
      "_Gain_" : "0.747368421053",
      "_LiftBest_" : "0",
      "_Lift_" : "0.350877192982",
      "_NEventsBest_" : "0",
      "_NEvents_" : "5",
      "_NObs_" : "71",
      "_PartInd_" : "1",
      "_PctRespBest_" : "0",
      "_PctResp_" : "7.04225352113",
      "_RespBest_" : "0",
      "_Resp_" : "1.75438596491",
      "_TargetName_" : "BAD",
      "_Value_" : "0.0994963731421",
      "_formattedPartition_" : "           1"
    },
    "rowNumber" : 32
  }, {
    "dataMap" : {
      "_Column_" : "P_BAD1",
      "_CumLiftBest_" : "1.81818181818",
      "_CumLift_" : "1.62679425837",
      "_CumPctRespBest_" : "36.1675126904",
      "_CumPctResp_" : "32.3604060914",
      "_CumRespBest_" : "100",
      "_CumResp_" : "89.4736842105",
      "_DataRole_" : "TRAIN",
      "_Depth_" : "55",
      "_Event_" : "           1",
      "_GainBest_" : "0.818181818182",
      "_Gain_" : "0.626794258373",
      "_LiftBest_" : "0",
      "_Lift_" : "0.421052631579",
      "_NEventsBest_" : "0",
      "_NEvents_" : "6",
      "_NObs_" : "72",
      "_PartInd_" : "1",
      "_PctRespBest_" : "0",
      "_PctResp_" : "8.33333333333",
      "_RespBest_" : "0",
      "_Resp_" : "2.10526315789",
      "_TargetName_" : "BAD",
      "_Value_" : "0.0873992818359",
      "_formattedPartition_" : "           1"
    },
    "rowNumber" : 33
  }, {
    "dataMap" : {
      "_Column_" : "P_BAD1",
      "_CumLiftBest_" : "1.66666666667",
      "_CumLift_" : "1.52046783626",
      "_CumPctRespBest_" : "33.2167832168",
      "_CumPctResp_" : "30.303030303",
      "_CumRespBest_" : "100",
      "_CumResp_" : "91.2280701754",
      "_DataRole_" : "TRAIN",
      "_Depth_" : "60",
      "_Event_" : "           1",
      "_GainBest_" : "0.666666666667",
      "_Gain_" : "0.520467836257",
      "_LiftBest_" : "0",
      "_Lift_" : "0.350877192982",
      "_NEventsBest_" : "0",
      "_NEvents_" : "5",
      "_NObs_" : "70",
      "_PartInd_" : "1",
      "_PctRespBest_" : "0",
      "_PctResp_" : "7.14285714286",
      "_RespBest_" : "0",
      "_Resp_" : "1.75438596491",
      "_TargetName_" : "BAD",
      "_Value_" : "0.0729802647503",
      "_formattedPartition_" : "           1"
    },
    "rowNumber" : 34
  }, {
    "dataMap" : {
      "_Column_" : "P_BAD1",
      "_CumLiftBest_" : "1.53846153846",
      "_CumLift_" : "1.42510121457",
      "_CumPctRespBest_" : "30.6451612903",
      "_CumPctResp_" : "28.3870967742",
      "_CumRespBest_" : "100",
      "_CumResp_" : "92.6315789474",
      "_DataRole_" : "TRAIN",
      "_Depth_" : "65",
      "_Event_" : "           1",
      "_GainBest_" : "0.538461538462",
      "_Gain_" : "0.425101214575",
      "_LiftBest_" : "0",
      "_Lift_" : "0.280701754386",
      "_NEventsBest_" : "0",
      "_NEvents_" : "4",
      "_NObs_" : "72",
      "_PartInd_" : "1",
      "_PctRespBest_" : "0",
      "_PctResp_" : "5.55555555556",
      "_RespBest_" : "0",
      "_Resp_" : "1.40350877193",
      "_TargetName_" : "BAD",
      "_Value_" : "0.0635064651917",
      "_formattedPartition_" : "           1"
    },
    "rowNumber" : 35
  }, {
    "dataMap" : {
      "_Column_" : "P_BAD1",
      "_CumLiftBest_" : "1.42857142857",
      "_CumLift_" : "1.36842105263",
      "_CumPctRespBest_" : "28.4715284715",
      "_CumPctResp_" : "27.2727272727",
      "_CumRespBest_" : "100",
      "_CumResp_" : "95.7894736842",
      "_DataRole_" : "TRAIN",
      "_Depth_" : "70",
      "_Event_" : "           1",
      "_GainBest_" : "0.428571428571",
      "_Gain_" : "0.368421052632",
      "_LiftBest_" : "0",
      "_Lift_" : "0.631578947368",
      "_NEventsBest_" : "0",
      "_NEvents_" : "9",
      "_NObs_" : "71",
      "_PartInd_" : "1",
      "_PctRespBest_" : "0",
      "_PctResp_" : "12.676056338",
      "_RespBest_" : "0",
      "_Resp_" : "3.15789473684",
      "_TargetName_" : "BAD",
      "_Value_" : "0.0498944508249",
      "_formattedPartition_" : "           1"
    },
    "rowNumber" : 36
  }, {
    "dataMap" : {
      "_Column_" : "P_BAD1",
      "_CumLiftBest_" : "1.33333333333",
      "_CumLift_" : "1.30058479532",
      "_CumPctRespBest_" : "26.5858208955",
      "_CumPctResp_" : "25.9328358209",
      "_CumRespBest_" : "100",
      "_CumResp_" : "97.5438596491",
      "_DataRole_" : "TRAIN",
      "_Depth_" : "75",
      "_Event_" : "           1",
      "_GainBest_" : "0.333333333333",
      "_Gain_" : "0.300584795322",
      "_LiftBest_" : "0",
      "_Lift_" : "0.350877192982",
      "_NEventsBest_" : "0",
      "_NEvents_" : "5",
      "_NObs_" : "71",
      "_PartInd_" : "1",
      "_PctRespBest_" : "0",
      "_PctResp_" : "7.04225352113",
      "_RespBest_" : "0",
      "_Resp_" : "1.75438596491",
      "_TargetName_" : "BAD",
      "_Value_" : "0.0405382234196",
      "_formattedPartition_" : "           1"
    },
    "rowNumber" : 37
  }, {
    "dataMap" : {
      "_Column_" : "P_BAD1",
      "_CumLiftBest_" : "1.25",
      "_CumLift_" : "1.23684210526",
      "_CumPctRespBest_" : "24.8908296943",
      "_CumPctResp_" : "24.6288209607",
      "_CumRespBest_" : "100",
      "_CumResp_" : "98.9473684211",
      "_DataRole_" : "TRAIN",
      "_Depth_" : "80",
      "_Event_" : "           1",
      "_GainBest_" : "0.25",
      "_Gain_" : "0.236842105263",
      "_LiftBest_" : "0",
      "_Lift_" : "0.280701754386",
      "_NEventsBest_" : "0",
      "_NEvents_" : "4",
      "_NObs_" : "73",
      "_PartInd_" : "1",
      "_PctRespBest_" : "0",
      "_PctResp_" : "5.47945205479",
      "_RespBest_" : "0",
      "_Resp_" : "1.40350877193",
      "_TargetName_" : "BAD",
      "_Value_" : "0.031026332093",
      "_formattedPartition_" : "           1"
    },
    "rowNumber" : 38
  }, {
    "dataMap" : {
      "_Column_" : "P_BAD1",
      "_CumLiftBest_" : "1.17647058824",
      "_CumLift_" : "1.17647058824",
      "_CumPctRespBest_" : "23.4567901235",
      "_CumPctResp_" : "23.4567901235",
      "_CumRespBest_" : "100",
      "_CumResp_" : "100",
      "_DataRole_" : "TRAIN",
      "_Depth_" : "85",
      "_Event_" : "           1",
      "_GainBest_" : "0.176470588235",
      "_Gain_" : "0.176470588235",
      "_LiftBest_" : "0",
      "_Lift_" : "0.210526315789",
      "_NEventsBest_" : "0",
      "_NEvents_" : "3",
      "_NObs_" : "70",
      "_PartInd_" : "1",
      "_PctRespBest_" : "0",
      "_PctResp_" : "4.28571428571",
      "_RespBest_" : "0",
      "_Resp_" : "1.05263157895",
      "_TargetName_" : "BAD",
      "_Value_" : "0.0203648905798",
      "_formattedPartition_" : "           1"
    },
    "rowNumber" : 39
  }, {
    "dataMap" : {
      "_Column_" : "P_BAD1",
      "_CumLiftBest_" : "1.11111111111",
      "_CumLift_" : "1.11111111111",
      "_CumPctRespBest_" : "22.1273291925",
      "_CumPctResp_" : "22.1273291925",
      "_CumRespBest_" : "100",
      "_CumResp_" : "100",
      "_DataRole_" : "TRAIN",
      "_Depth_" : "90",
      "_Event_" : "           1",
      "_GainBest_" : "0.111111111111",
      "_Gain_" : "0.111111111111",
      "_LiftBest_" : "0",
      "_Lift_" : "0",
      "_NEventsBest_" : "0",
      "_NEvents_" : "0",
      "_NObs_" : "73",
      "_PartInd_" : "1",
      "_PctRespBest_" : "0",
      "_PctResp_" : "0",
      "_RespBest_" : "0",
      "_Resp_" : "0",
      "_TargetName_" : "BAD",
      "_Value_" : "0.015173451872",
      "_formattedPartition_" : "           1"
    },
    "rowNumber" : 40
  }, {
    "dataMap" : {
      "_Column_" : "P_BAD1",
      "_CumLiftBest_" : "1.05263157895",
      "_CumLift_" : "1.05263157895",
      "_CumPctRespBest_" : "20.9713024283",
      "_CumPctResp_" : "20.9713024283",
      "_CumRespBest_" : "100",
      "_CumResp_" : "100",
      "_DataRole_" : "TRAIN",
      "_Depth_" : "95",
      "_Event_" : "           1",
      "_GainBest_" : "0.0526315789474",
      "_Gain_" : "0.0526315789474",
      "_LiftBest_" : "0",
      "_Lift_" : "0",
      "_NEventsBest_" : "0",
      "_NEvents_" : "0",
      "_NObs_" : "71",
      "_PartInd_" : "1",
      "_PctRespBest_" : "0",
      "_PctResp_" : "0",
      "_RespBest_" : "0",
      "_Resp_" : "0",
      "_TargetName_" : "BAD",
      "_Value_" : "0.00789129491745",
      "_formattedPartition_" : "           1"
    },
    "rowNumber" : 41
  }, {
    "dataMap" : {
      "_Column_" : "P_BAD1",
      "_CumLiftBest_" : "1",
      "_CumLift_" : "1",
      "_CumPctRespBest_" : "19.9579831933",
      "_CumPctResp_" : "19.9579831933",
      "_CumRespBest_" : "100",
      "_CumResp_" : "100",
      "_DataRole_" : "TRAIN",
      "_Depth_" : "100",
      "_Event_" : "           1",
      "_GainBest_" : "0",
      "_Gain_" : "0",
      "_LiftBest_" : "0",
      "_Lift_" : "0",
      "_NEventsBest_" : "0",
      "_NEvents_" : "0",
      "_NObs_" : "69",
      "_PartInd_" : "1",
      "_PctRespBest_" : "0",
      "_PctResp_" : "0",
      "_RespBest_" : "0",
      "_Resp_" : "0",
      "_TargetName_" : "BAD",
      "_Value_" : "0.0024780097977",
      "_formattedPartition_" : "           1"
    },
    "rowNumber" : 42
  }, {
    "dataMap" : {
      "_Column_" : "P_BAD1",
      "_CumRespBest_" : "0",
      "_CumResp_" : "0",
      "_DataRole_" : "TEST",
      "_Depth_" : "0",
      "_Event_" : "           1",
      "_NEventsBest_" : "0",
      "_NEvents_" : "0",
      "_NObs_" : "0",
      "_PartInd_" : "2",
      "_RespBest_" : "0",
      "_Resp_" : "0",
      "_TargetName_" : "BAD",
      "_Value_" : "0",
      "_formattedPartition_" : "           2"
    },
    "rowNumber" : 43
  }, {
    "dataMap" : {
      "_Column_" : "P_BAD1",
      "_CumLiftBest_" : "5",
      "_CumLift_" : "4.58333333333",
      "_CumPctRespBest_" : "100",
      "_CumPctResp_" : "91.6666666667",
      "_CumRespBest_" : "25",
      "_CumResp_" : "22.9166666667",
      "_DataRole_" : "TEST",
      "_Depth_" : "5",
      "_Event_" : "           1",
      "_GainBest_" : "4",
      "_Gain_" : "3.58333333333",
      "_LiftBest_" : "5",
      "_Lift_" : "4.58333333333",
      "_NEventsBest_" : "12",
      "_NEvents_" : "11",
      "_NObs_" : "12",
      "_PartInd_" : "2",
      "_PctRespBest_" : "100",
      "_PctResp_" : "91.6666666667",
      "_RespBest_" : "25",
      "_Resp_" : "22.9166666667",
      "_TargetName_" : "BAD",
      "_Value_" : "0.820180204646",
      "_formattedPartition_" : "           2"
    },
    "rowNumber" : 44
  }, {
    "dataMap" : {
      "_Column_" : "P_BAD1",
      "_CumLiftBest_" : "5",
      "_CumLift_" : "4.16666666667",
      "_CumPctRespBest_" : "100",
      "_CumPctResp_" : "83.3333333333",
      "_CumRespBest_" : "50",
      "_CumResp_" : "41.6666666667",
      "_DataRole_" : "TEST",
      "_Depth_" : "10",
      "_Event_" : "           1",
      "_GainBest_" : "4",
      "_Gain_" : "3.16666666667",
      "_LiftBest_" : "5",
      "_Lift_" : "3.75",
      "_NEventsBest_" : "12",
      "_NEvents_" : "9",
      "_NObs_" : "12",
      "_PartInd_" : "2",
      "_PctRespBest_" : "100",
      "_PctResp_" : "75",
      "_RespBest_" : "25",
      "_Resp_" : "18.75",
      "_TargetName_" : "BAD",
      "_Value_" : "0.552948689021",
      "_formattedPartition_" : "           2"
    },
    "rowNumber" : 45
  }, {
    "dataMap" : {
      "_Column_" : "P_BAD1",
      "_CumLiftBest_" : "5",
      "_CumLift_" : "3.75",
      "_CumPctRespBest_" : "100",
      "_CumPctResp_" : "75",
      "_CumRespBest_" : "75",
      "_CumResp_" : "56.25",
      "_DataRole_" : "TEST",
      "_Depth_" : "15",
      "_Event_" : "           1",
      "_GainBest_" : "4",
      "_Gain_" : "2.75",
      "_LiftBest_" : "5",
      "_Lift_" : "2.91666666667",
      "_NEventsBest_" : "12",
      "_NEvents_" : "7",
      "_NObs_" : "12",
      "_PartInd_" : "2",
      "_PctRespBest_" : "100",
      "_PctResp_" : "58.3333333333",
      "_RespBest_" : "25",
      "_Resp_" : "14.5833333333",
      "_TargetName_" : "BAD",
      "_Value_" : "0.336953694559",
      "_formattedPartition_" : "           2"
    },
    "rowNumber" : 46
  }, {
    "dataMap" : {
      "_Column_" : "P_BAD1",
      "_CumLiftBest_" : "5",
      "_CumLift_" : "3.22916666667",
      "_CumPctRespBest_" : "100",
      "_CumPctResp_" : "64.5833333333",
      "_CumRespBest_" : "100",
      "_CumResp_" : "64.5833333333",
      "_DataRole_" : "TEST",
      "_Depth_" : "20",
      "_Event_" : "           1",
      "_GainBest_" : "4",
      "_Gain_" : "2.22916666667",
      "_LiftBest_" : "5",
      "_Lift_" : "1.66666666667",
      "_NEventsBest_" : "12",
      "_NEvents_" : "4",
      "_NObs_" : "12",
      "_PartInd_" : "2",
      "_PctRespBest_" : "100",
      "_PctResp_" : "33.3333333333",
      "_RespBest_" : "25",
      "_Resp_" : "8.33333333333",
      "_TargetName_" : "BAD",
      "_Value_" : "0.277155598289",
      "_formattedPartition_" : "           2"
    },
    "rowNumber" : 47
  }, {
    "dataMap" : {
      "_Column_" : "P_BAD1",
      "_CumLiftBest_" : "4",
      "_CumLift_" : "3",
      "_CumPctRespBest_" : "80",
      "_CumPctResp_" : "60",
      "_CumRespBest_" : "100",
      "_CumResp_" : "75",
      "_DataRole_" : "TEST",
      "_Depth_" : "25",
      "_Event_" : "           1",
      "_GainBest_" : "3",
      "_Gain_" : "2",
      "_LiftBest_" : "0",
      "_Lift_" : "2.08333333333",
      "_NEventsBest_" : "0",
      "_NEvents_" : "5",
      "_NObs_" : "12",
      "_PartInd_" : "2",
      "_PctRespBest_" : "0",
      "_PctResp_" : "41.6666666667",
      "_RespBest_" : "0",
      "_Resp_" : "10.4166666667",
      "_TargetName_" : "BAD",
      "_Value_" : "0.219628739696",
      "_formattedPartition_" : "           2"
    },
    "rowNumber" : 48
  }, {
    "dataMap" : {
      "_Column_" : "P_BAD1",
      "_CumLiftBest_" : "3.33333333333",
      "_CumLift_" : "2.70833333333",
      "_CumPctRespBest_" : "66.6666666667",
      "_CumPctResp_" : "54.1666666667",
      "_CumRespBest_" : "100",
      "_CumResp_" : "81.25",
      "_DataRole_" : "TEST",
      "_Depth_" : "30",
      "_Event_" : "           1",
      "_GainBest_" : "2.33333333333",
      "_Gain_" : "1.70833333333",
      "_LiftBest_" : "0",
      "_Lift_" : "1.25",
      "_NEventsBest_" : "0",
      "_NEvents_" : "3",
      "_NObs_" : "12",
      "_PartInd_" : "2",
      "_PctRespBest_" : "0",
      "_PctResp_" : "25",
      "_RespBest_" : "0",
      "_Resp_" : "6.25",
      "_TargetName_" : "BAD",
      "_Value_" : "0.17635274508",
      "_formattedPartition_" : "           2"
    },
    "rowNumber" : 49
  }, {
    "dataMap" : {
      "_Column_" : "P_BAD1",
      "_CumLiftBest_" : "2.85714285714",
      "_CumLift_" : "2.5",
      "_CumPctRespBest_" : "57.1428571429",
      "_CumPctResp_" : "50",
      "_CumRespBest_" : "100",
      "_CumResp_" : "87.5",
      "_DataRole_" : "TEST",
      "_Depth_" : "35",
      "_Event_" : "           1",
      "_GainBest_" : "1.85714285714",
      "_Gain_" : "1.5",
      "_LiftBest_" : "0",
      "_Lift_" : "1.25",
      "_NEventsBest_" : "0",
      "_NEvents_" : "3",
      "_NObs_" : "12",
      "_PartInd_" : "2",
      "_PctRespBest_" : "0",
      "_PctResp_" : "25",
      "_RespBest_" : "0",
      "_Resp_" : "6.25",
      "_TargetName_" : "BAD",
      "_Value_" : "0.153037549405",
      "_formattedPartition_" : "           2"
    },
    "rowNumber" : 50
  }, {
    "dataMap" : {
      "_Column_" : "P_BAD1",
      "_CumLiftBest_" : "2.5",
      "_CumLift_" : "2.1875",
      "_CumPctRespBest_" : "50",
      "_CumPctResp_" : "43.75",
      "_CumRespBest_" : "100",
      "_CumResp_" : "87.5",
      "_DataRole_" : "TEST",
      "_Depth_" : "40",
      "_Event_" : "           1",
      "_GainBest_" : "1.5",
      "_Gain_" : "1.1875",
      "_LiftBest_" : "0",
      "_Lift_" : "0",
      "_NEventsBest_" : "0",
      "_NEvents_" : "0",
      "_NObs_" : "12",
      "_PartInd_" : "2",
      "_PctRespBest_" : "0",
      "_PctResp_" : "0",
      "_RespBest_" : "0",
      "_Resp_" : "0",
      "_TargetName_" : "BAD",
      "_Value_" : "0.126568180328",
      "_formattedPartition_" : "           2"
    },
    "rowNumber" : 51
  }, {
    "dataMap" : {
      "_Column_" : "P_BAD1",
      "_CumLiftBest_" : "2.22222222222",
      "_CumLift_" : "1.99074074074",
      "_CumPctRespBest_" : "44.4444444444",
      "_CumPctResp_" : "39.8148148148",
      "_CumRespBest_" : "100",
      "_CumResp_" : "89.5833333333",
      "_DataRole_" : "TEST",
      "_Depth_" : "45",
      "_Event_" : "           1",
      "_GainBest_" : "1.22222222222",
      "_Gain_" : "0.990740740741",
      "_LiftBest_" : "0",
      "_Lift_" : "0.416666666667",
      "_NEventsBest_" : "0",
      "_NEvents_" : "1",
      "_NObs_" : "12",
      "_PartInd_" : "2",
      "_PctRespBest_" : "0",
      "_PctResp_" : "8.33333333333",
      "_RespBest_" : "0",
      "_Resp_" : "2.08333333333",
      "_TargetName_" : "BAD",
      "_Value_" : "0.107827565411",
      "_formattedPartition_" : "           2"
    },
    "rowNumber" : 52
  }, {
    "dataMap" : {
      "_Column_" : "P_BAD1",
      "_CumLiftBest_" : "2",
      "_CumLift_" : "1.875",
      "_CumPctRespBest_" : "40",
      "_CumPctResp_" : "37.5",
      "_CumRespBest_" : "100",
      "_CumResp_" : "93.75",
      "_DataRole_" : "TEST",
      "_Depth_" : "50",
      "_Event_" : "           1",
      "_GainBest_" : "1",
      "_Gain_" : "0.875",
      "_LiftBest_" : "0",
      "_Lift_" : "0.833333333333",
      "_NEventsBest_" : "0",
      "_NEvents_" : "2",
      "_NObs_" : "12",
      "_PartInd_" : "2",
      "_PctRespBest_" : "0",
      "_PctResp_" : "16.6666666667",
      "_RespBest_" : "0",
      "_Resp_" : "4.16666666667",
      "_TargetName_" : "BAD",
      "_Value_" : "0.0889664522669",
      "_formattedPartition_" : "           2"
    },
    "rowNumber" : 53
  }, {
    "dataMap" : {
      "_Column_" : "P_BAD1",
      "_CumLiftBest_" : "1.81818181818",
      "_CumLift_" : "1.70454545455",
      "_CumPctRespBest_" : "36.3636363636",
      "_CumPctResp_" : "34.0909090909",
      "_CumRespBest_" : "100",
      "_CumResp_" : "93.75",
      "_DataRole_" : "TEST",
      "_Depth_" : "55",
      "_Event_" : "           1",
      "_GainBest_" : "0.818181818182",
      "_Gain_" : "0.704545454545",
      "_LiftBest_" : "0",
      "_Lift_" : "0",
      "_NEventsBest_" : "0",
      "_NEvents_" : "0",
      "_NObs_" : "12",
      "_PartInd_" : "2",
      "_PctRespBest_" : "0",
      "_PctResp_" : "0",
      "_RespBest_" : "0",
      "_Resp_" : "0",
      "_TargetName_" : "BAD",
      "_Value_" : "0.0766337690731",
      "_formattedPartition_" : "           2"
    },
    "rowNumber" : 54
  }, {
    "dataMap" : {
      "_Column_" : "P_BAD1",
      "_CumLiftBest_" : "1.66666666667",
      "_CumLift_" : "1.59722222222",
      "_CumPctRespBest_" : "33.3333333333",
      "_CumPctResp_" : "31.9444444444",
      "_CumRespBest_" : "100",
      "_CumResp_" : "95.8333333333",
      "_DataRole_" : "TEST",
      "_Depth_" : "60",
      "_Event_" : "           1",
      "_GainBest_" : "0.666666666667",
      "_Gain_" : "0.597222222222",
      "_LiftBest_" : "0",
      "_Lift_" : "0.416666666667",
      "_NEventsBest_" : "0",
      "_NEvents_" : "1",
      "_NObs_" : "12",
      "_PartInd_" : "2",
      "_PctRespBest_" : "0",
      "_PctResp_" : "8.33333333333",
      "_RespBest_" : "0",
      "_Resp_" : "2.08333333333",
      "_TargetName_" : "BAD",
      "_Value_" : "0.0693230090701",
      "_formattedPartition_" : "           2"
    },
    "rowNumber" : 55
  }, {
    "dataMap" : {
      "_Column_" : "P_BAD1",
      "_CumLiftBest_" : "1.53846153846",
      "_CumLift_" : "1.50641025641",
      "_CumPctRespBest_" : "30.7692307692",
      "_CumPctResp_" : "30.1282051282",
      "_CumRespBest_" : "100",
      "_CumResp_" : "97.9166666667",
      "_DataRole_" : "TEST",
      "_Depth_" : "65",
      "_Event_" : "           1",
      "_GainBest_" : "0.538461538462",
      "_Gain_" : "0.50641025641",
      "_LiftBest_" : "0",
      "_Lift_" : "0.416666666667",
      "_NEventsBest_" : "0",
      "_NEvents_" : "1",
      "_NObs_" : "12",
      "_PartInd_" : "2",
      "_PctRespBest_" : "0",
      "_PctResp_" : "8.33333333333",
      "_RespBest_" : "0",
      "_Resp_" : "2.08333333333",
      "_TargetName_" : "BAD",
      "_Value_" : "0.0587446786578",
      "_formattedPartition_" : "           2"
    },
    "rowNumber" : 56
  }, {
    "dataMap" : {
      "_Column_" : "P_BAD1",
      "_CumLiftBest_" : "1.42857142857",
      "_CumLift_" : "1.42857142857",
      "_CumPctRespBest_" : "28.5714285714",
      "_CumPctResp_" : "28.5714285714",
      "_CumRespBest_" : "100",
      "_CumResp_" : "100",
      "_DataRole_" : "TEST",
      "_Depth_" : "70",
      "_Event_" : "           1",
      "_GainBest_" : "0.428571428571",
      "_Gain_" : "0.428571428571",
      "_LiftBest_" : "0",
      "_Lift_" : "0.416666666667",
      "_NEventsBest_" : "0",
      "_NEvents_" : "1",
      "_NObs_" : "12",
      "_PartInd_" : "2",
      "_PctRespBest_" : "0",
      "_PctResp_" : "8.33333333333",
      "_RespBest_" : "0",
      "_Resp_" : "2.08333333333",
      "_TargetName_" : "BAD",
      "_Value_" : "0.0484030914457",
      "_formattedPartition_" : "           2"
    },
    "rowNumber" : 57
  }, {
    "dataMap" : {
      "_Column_" : "P_BAD1",
      "_CumLiftBest_" : "1.33333333333",
      "_CumLift_" : "1.33333333333",
      "_CumPctRespBest_" : "26.6666666667",
      "_CumPctResp_" : "26.6666666667",
      "_CumRespBest_" : "100",
      "_CumResp_" : "100",
      "_DataRole_" : "TEST",
      "_Depth_" : "75",
      "_Event_" : "           1",
      "_GainBest_" : "0.333333333333",
      "_Gain_" : "0.333333333333",
      "_LiftBest_" : "0",
      "_Lift_" : "0",
      "_NEventsBest_" : "0",
      "_NEvents_" : "0",
      "_NObs_" : "12",
      "_PartInd_" : "2",
      "_PctRespBest_" : "0",
      "_PctResp_" : "0",
      "_RespBest_" : "0",
      "_Resp_" : "0",
      "_TargetName_" : "BAD",
      "_Value_" : "0.0429577809541",
      "_formattedPartition_" : "           2"
    },
    "rowNumber" : 58
  }, {
    "dataMap" : {
      "_Column_" : "P_BAD1",
      "_CumLiftBest_" : "1.25",
      "_CumLift_" : "1.25",
      "_CumPctRespBest_" : "25",
      "_CumPctResp_" : "25",
      "_CumRespBest_" : "100",
      "_CumResp_" : "100",
      "_DataRole_" : "TEST",
      "_Depth_" : "80",
      "_Event_" : "           1",
      "_GainBest_" : "0.25",
      "_Gain_" : "0.25",
      "_LiftBest_" : "0",
      "_Lift_" : "0",
      "_NEventsBest_" : "0",
      "_NEvents_" : "0",
      "_NObs_" : "12",
      "_PartInd_" : "2",
      "_PctRespBest_" : "0",
      "_PctResp_" : "0",
      "_RespBest_" : "0",
      "_Resp_" : "0",
      "_TargetName_" : "BAD",
      "_Value_" : "0.0300427361246",
      "_formattedPartition_" : "           2"
    },
    "rowNumber" : 59
  }, {
    "dataMap" : {
      "_Column_" : "P_BAD1",
      "_CumLiftBest_" : "1.17647058824",
      "_CumLift_" : "1.17647058824",
      "_CumPctRespBest_" : "23.5294117647",
      "_CumPctResp_" : "23.5294117647",
      "_CumRespBest_" : "100",
      "_CumResp_" : "100",
      "_DataRole_" : "TEST",
      "_Depth_" : "85",
      "_Event_" : "           1",
      "_GainBest_" : "0.176470588235",
      "_Gain_" : "0.176470588235",
      "_LiftBest_" : "0",
      "_Lift_" : "0",
      "_NEventsBest_" : "0",
      "_NEvents_" : "0",
      "_NObs_" : "12",
      "_PartInd_" : "2",
      "_PctRespBest_" : "0",
      "_PctResp_" : "0",
      "_RespBest_" : "0",
      "_Resp_" : "0",
      "_TargetName_" : "BAD",
      "_Value_" : "0.0187720456904",
      "_formattedPartition_" : "           2"
    },
    "rowNumber" : 60
  }, {
    "dataMap" : {
      "_Column_" : "P_BAD1",
      "_CumLiftBest_" : "1.11111111111",
      "_CumLift_" : "1.11111111111",
      "_CumPctRespBest_" : "22.2222222222",
      "_CumPctResp_" : "22.2222222222",
      "_CumRespBest_" : "100",
      "_CumResp_" : "100",
      "_DataRole_" : "TEST",
      "_Depth_" : "90",
      "_Event_" : "           1",
      "_GainBest_" : "0.111111111111",
      "_Gain_" : "0.111111111111",
      "_LiftBest_" : "0",
      "_Lift_" : "0",
      "_NEventsBest_" : "0",
      "_NEvents_" : "0",
      "_NObs_" : "12",
      "_PartInd_" : "2",
      "_PctRespBest_" : "0",
      "_PctResp_" : "0",
      "_RespBest_" : "0",
      "_Resp_" : "0",
      "_TargetName_" : "BAD",
      "_Value_" : "0.0132398593678",
      "_formattedPartition_" : "           2"
    },
    "rowNumber" : 61
  }, {
    "dataMap" : {
      "_Column_" : "P_BAD1",
      "_CumLiftBest_" : "1.05263157895",
      "_CumLift_" : "1.05263157895",
      "_CumPctRespBest_" : "21.0526315789",
      "_CumPctResp_" : "21.0526315789",
      "_CumRespBest_" : "100",
      "_CumResp_" : "100",
      "_DataRole_" : "TEST",
      "_Depth_" : "95",
      "_Event_" : "           1",
      "_GainBest_" : "0.0526315789474",
      "_Gain_" : "0.0526315789474",
      "_LiftBest_" : "0",
      "_Lift_" : "0",
      "_NEventsBest_" : "0",
      "_NEvents_" : "0",
      "_NObs_" : "12",
      "_PartInd_" : "2",
      "_PctRespBest_" : "0",
      "_PctResp_" : "0",
      "_RespBest_" : "0",
      "_Resp_" : "0",
      "_TargetName_" : "BAD",
      "_Value_" : "0.00740557659308",
      "_formattedPartition_" : "           2"
    },
    "rowNumber" : 62
  }, {
    "dataMap" : {
      "_Column_" : "P_BAD1",
      "_CumLiftBest_" : "1",
      "_CumLift_" : "1",
      "_CumPctRespBest_" : "20.0836820084",
      "_CumPctResp_" : "20.0836820084",
      "_CumRespBest_" : "100",
      "_CumResp_" : "100",
      "_DataRole_" : "TEST",
      "_Depth_" : "100",
      "_Event_" : "           1",
      "_GainBest_" : "0",
      "_Gain_" : "0",
      "_LiftBest_" : "0",
      "_Lift_" : "0",
      "_NEventsBest_" : "0",
      "_NEvents_" : "0",
      "_NObs_" : "11",
      "_PartInd_" : "2",
      "_PctRespBest_" : "0",
      "_PctResp_" : "0",
      "_RespBest_" : "0",
      "_Resp_" : "0",
      "_TargetName_" : "BAD",
      "_Value_" : "0.00226419132757",
      "_formattedPartition_" : "           2"
    },
    "rowNumber" : 63
  } ],
  "xInteger" : false,
  "yInteger" : false
}