{
   "creationTimeStamp": "2024-04-03T20:31:10.531Z",
   "createdBy": "edmdev",
   "modifiedTimeStamp": "2024-04-03T20:31:14.565Z",
   "modifiedBy": "edmdev",
   "id": "a2912a07-b96f-4844-a8cc-5cc78fcaaa60",
   "name": "Auto_Model_1712176251.zip",
   "description": "automation upload",
   "scoreCodeType": "ds2MultiType",
   "algorithm": "bnet",
   "function": "classification",
   "modeler": "edmdev",
   "modelType": "astore",
   "trainTable": "/dataTables/dataSources/cas~fs~cas-shared-default~fs~Public/tables/HMEQ_TRAIN",
   "eventProbVar": "P_BAD1",
   "targetVariable": "BAD",
   "targetEvent": "1",
   "targetLevel": "binary",
   "tool": "Model Studio",
   "toolVersion": "V2023.03",
   "externalModelId": "41e1c74b-834a-4f41-acc1-ddcaf56fb809",
   "modelVersionName": "1.0",
   "custom properties": []
}