{
  "creationTimeStamp" : null,
  "modifiedTimeStamp" : null,
  "createdBy" : null,
  "modifiedBy" : null,
  "id" : null,
  "name" : "dmcas_lift",
  "description" : null,
  "revision" : 0,
  "groupName" : null,
  "order" : 0,
  "type" : null,
  "parameterMap" : {
    "_CumLiftBest_" : {
      "parameter" : "_CumLiftBest_",
      "type" : "num",
      "label" : "Best Cumulative Lift",
      "length" : 8,
      "order" : 18,
      "values" : [ "_CumLiftBest_" ],
      "preformatted" : false
    },
    "_NObs_" : {
      "parameter" : "_NObs_",
      "type" : "num",
      "label" : "Sum of Frequencies",
      "length" : 8,
      "order" : 8,
      "values" : [ "_NObs_" ],
      "preformatted" : false
    },
    "_Depth_" : {
      "parameter" : "_Depth_",
      "type" : "num",
      "label" : "Depth",
      "length" : 8,
      "order" : 6,
      "values" : [ "_Depth_" ],
      "preformatted" : false
    },
    "_CumRespBest_" : {
      "parameter" : "_CumRespBest_",
      "type" : "num",
      "label" : "Cumulative Best % Captured Response",
      "length" : 8,
      "order" : 16,
      "values" : [ "_CumRespBest_" ],
      "preformatted" : false
    },
    "_formattedPartition_" : {
      "parameter" : "_formattedPartition_",
      "type" : "char",
      "label" : "Formatted Partition",
      "length" : 12,
      "order" : 3,
      "values" : [ "_formattedPartition_" ],
      "preformatted" : false
    },
    "_Column_" : {
      "parameter" : "_Column_",
      "type" : "char",
      "label" : "Analysis Variable",
      "length" : 6,
      "order" : 4,
      "values" : [ "_Column_" ],
      "preformatted" : false
    },
    "_Lift_" : {
      "parameter" : "_Lift_",
      "type" : "num",
      "label" : "Lift",
      "length" : 8,
      "order" : 13,
      "values" : [ "_Lift_" ],
      "preformatted" : false
    },
    "_RespBest_" : {
      "parameter" : "_RespBest_",
      "type" : "num",
      "label" : "Best % Captured Response",
      "length" : 8,
      "order" : 12,
      "values" : [ "_RespBest_" ],
      "preformatted" : false
    },
    "_CumPctResp_" : {
      "parameter" : "_CumPctResp_",
      "type" : "num",
      "label" : "Cumulative % Response",
      "length" : 8,
      "order" : 21,
      "values" : [ "_CumPctResp_" ],
      "preformatted" : false
    },
    "_DataRole_" : {
      "parameter" : "_DataRole_",
      "type" : "char",
      "label" : "Data Role",
      "length" : 10,
      "order" : 1,
      "values" : [ "_DataRole_" ],
      "preformatted" : false
    },
    "_NEventsBest_" : {
      "parameter" : "_NEventsBest_",
      "type" : "num",
      "label" : "Best Number of Events",
      "length" : 8,
      "order" : 10,
      "values" : [ "_NEventsBest_" ],
      "preformatted" : false
    },
    "_CumResp_" : {
      "parameter" : "_CumResp_",
      "type" : "num",
      "label" : "Cumulative % Captured Response",
      "length" : 8,
      "order" : 15,
      "values" : [ "_CumResp_" ],
      "preformatted" : false
    },
    "_PctRespBest_" : {
      "parameter" : "_PctRespBest_",
      "type" : "num",
      "label" : "Best % Response",
      "length" : 8,
      "order" : 20,
      "values" : [ "_PctRespBest_" ],
      "preformatted" : false
    },
    "_Gain_" : {
      "parameter" : "_Gain_",
      "type" : "num",
      "label" : "Gain",
      "length" : 8,
      "order" : 23,
      "values" : [ "_Gain_" ],
      "preformatted" : false
    },
    "_CumLift_" : {
      "parameter" : "_CumLift_",
      "type" : "num",
      "label" : "Cumulative Lift",
      "length" : 8,
      "order" : 17,
      "values" : [ "_CumLift_" ],
      "preformatted" : false
    },
    "_CumPctRespBest_" : {
      "parameter" : "_CumPctRespBest_",
      "type" : "num",
      "label" : "Cumulative Best % Response",
      "length" : 8,
      "order" : 22,
      "values" : [ "_CumPctRespBest_" ],
      "preformatted" : false
    },
    "_Value_" : {
      "parameter" : "_Value_",
      "type" : "num",
      "label" : "Value",
      "length" : 8,
      "order" : 7,
      "values" : [ "_Value_" ],
      "preformatted" : false
    },
    "_Event_" : {
      "parameter" : "_Event_",
      "type" : "char",
      "label" : "Event",
      "length" : 12,
      "order" : 5,
      "values" : [ "_Event_" ],
      "preformatted" : false
    },
    "_NEvents_" : {
      "parameter" : "_NEvents_",
      "type" : "num",
      "label" : "Number of Events",
      "length" : 8,
      "order" : 9,
      "values" : [ "_NEvents_" ],
      "preformatted" : false
    },
    "_PctResp_" : {
      "parameter" : "_PctResp_",
      "type" : "num",
      "label" : "% Response",
      "length" : 8,
      "order" : 19,
      "values" : [ "_PctResp_" ],
      "preformatted" : false
    },
    "_LiftBest_" : {
      "parameter" : "_LiftBest_",
      "type" : "num",
      "label" : "Best Lift",
      "length" : 8,
      "order" : 14,
      "values" : [ "_LiftBest_" ],
      "preformatted" : false
    },
    "_PartInd_" : {
      "parameter" : "_PartInd_",
      "type" : "num",
      "label" : "Partition Indicator",
      "length" : 8,
      "order" : 2,
      "values" : [ "_PartInd_" ],
      "preformatted" : false
    },
    "_Resp_" : {
      "parameter" : "_Resp_",
      "type" : "num",
      "label" : "% Captured Response",
      "length" : 8,
      "order" : 11,
      "values" : [ "_Resp_" ],
      "preformatted" : false
    },
    "_GainBest_" : {
      "parameter" : "_GainBest_",
      "type" : "num",
      "label" : "Best Gain",
      "length" : 8,
      "order" : 24,
      "values" : [ "_GainBest_" ],
      "preformatted" : false
    }
  },
  "data" : [ {
    "dataMap" : {
      "_CumLiftBest_" : null,
      "_NObs_" : "0",
      "_Depth_" : "0",
      "_CumRespBest_" : "0",
      "_formattedPartition_" : "           0",
      "_Column_" : "P_BAD1",
      "_Lift_" : null,
      "_RespBest_" : "0",
      "_CumPctResp_" : null,
      "_DataRole_" : "VALIDATE",
      "_NEventsBest_" : "0",
      "_CumResp_" : "0",
      "_PctRespBest_" : null,
      "_Gain_" : null,
      "_CumLift_" : null,
      "_CumPctRespBest_" : null,
      "_Value_" : "0",
      "_Event_" : "1",
      "_NEvents_" : "0",
      "_PctResp_" : null,
      "_LiftBest_" : null,
      "_PartInd_" : "0",
      "_Resp_" : "0",
      "_GainBest_" : null
    },
    "rowNumber" : 1,
    "header" : null
  }, {
    "dataMap" : {
      "_CumLiftBest_" : "5.03496503497",
      "_NObs_" : "36",
      "_Depth_" : "5",
      "_CumRespBest_" : "25.1748251748",
      "_formattedPartition_" : "           0",
      "_Column_" : "P_BAD1",
      "_Lift_" : "3.21678321678",
      "_RespBest_" : "25.1748251748",
      "_CumPctResp_" : "63.8888888889",
      "_DataRole_" : "VALIDATE",
      "_NEventsBest_" : "36",
      "_CumResp_" : "16.0839160839",
      "_PctRespBest_" : "100",
      "_Gain_" : "2.21678321678",
      "_CumLift_" : "3.21678321678",
      "_CumPctRespBest_" : "100",
      "_Value_" : "0.664887737904",
      "_Event_" : "1",
      "_NEvents_" : "23",
      "_PctResp_" : "63.8888888889",
      "_LiftBest_" : "5.03496503497",
      "_PartInd_" : "0",
      "_Resp_" : "16.0839160839",
      "_GainBest_" : "4.03496503497"
    },
    "rowNumber" : 2,
    "header" : null
  }, {
    "dataMap" : {
      "_CumLiftBest_" : "5.03496503497",
      "_NObs_" : "36",
      "_Depth_" : "10",
      "_CumRespBest_" : "50.3496503497",
      "_formattedPartition_" : "           0",
      "_Column_" : "P_BAD1",
      "_Lift_" : "2.51748251748",
      "_RespBest_" : "25.1748251748",
      "_CumPctResp_" : "56.9444444444",
      "_DataRole_" : "VALIDATE",
      "_NEventsBest_" : "36",
      "_CumResp_" : "28.6713286713",
      "_PctRespBest_" : "100",
      "_Gain_" : "1.86713286713",
      "_CumLift_" : "2.86713286713",
      "_CumPctRespBest_" : "100",
      "_Value_" : "0.415132169428",
      "_Event_" : "1",
      "_NEvents_" : "18",
      "_PctResp_" : "50",
      "_LiftBest_" : "5.03496503497",
      "_PartInd_" : "0",
      "_Resp_" : "12.5874125874",
      "_GainBest_" : "4.03496503497"
    },
    "rowNumber" : 3,
    "header" : null
  }, {
    "dataMap" : {
      "_CumLiftBest_" : "5.03496503497",
      "_NObs_" : "36",
      "_Depth_" : "15",
      "_CumRespBest_" : "75.5244755245",
      "_formattedPartition_" : "           0",
      "_Column_" : "P_BAD1",
      "_Lift_" : "2.0979020979",
      "_RespBest_" : "25.1748251748",
      "_CumPctResp_" : "51.8518518519",
      "_DataRole_" : "VALIDATE",
      "_NEventsBest_" : "36",
      "_CumResp_" : "39.1608391608",
      "_PctRespBest_" : "100",
      "_Gain_" : "1.61072261072",
      "_CumLift_" : "2.61072261072",
      "_CumPctRespBest_" : "100",
      "_Value_" : "0.326629262723",
      "_Event_" : "1",
      "_NEvents_" : "15",
      "_PctResp_" : "41.6666666667",
      "_LiftBest_" : "5.03496503497",
      "_PartInd_" : "0",
      "_Resp_" : "10.4895104895",
      "_GainBest_" : "4.03496503497"
    },
    "rowNumber" : 4,
    "header" : null
  }, {
    "dataMap" : {
      "_CumLiftBest_" : "5",
      "_NObs_" : "36",
      "_Depth_" : "20",
      "_CumRespBest_" : "100",
      "_formattedPartition_" : "           0",
      "_Column_" : "P_BAD1",
      "_Lift_" : "2.0979020979",
      "_RespBest_" : "24.4755244755",
      "_CumPctResp_" : "49.3055555556",
      "_DataRole_" : "VALIDATE",
      "_NEventsBest_" : "35",
      "_CumResp_" : "49.6503496503",
      "_PctRespBest_" : "97.2222222222",
      "_Gain_" : "1.48251748252",
      "_CumLift_" : "2.48251748252",
      "_CumPctRespBest_" : "99.3055555556",
      "_Value_" : "0.254351619127",
      "_Event_" : "1",
      "_NEvents_" : "15",
      "_PctResp_" : "41.6666666667",
      "_LiftBest_" : "4.8951048951",
      "_PartInd_" : "0",
      "_Resp_" : "10.4895104895",
      "_GainBest_" : "4"
    },
    "rowNumber" : 5,
    "header" : null
  }, {
    "dataMap" : {
      "_CumLiftBest_" : "4",
      "_NObs_" : "36",
      "_Depth_" : "25",
      "_CumRespBest_" : "100",
      "_formattedPartition_" : "           0",
      "_Column_" : "P_BAD1",
      "_Lift_" : "0.839160839161",
      "_RespBest_" : "0",
      "_CumPctResp_" : "42.7777777778",
      "_DataRole_" : "VALIDATE",
      "_NEventsBest_" : "0",
      "_CumResp_" : "53.8461538462",
      "_PctRespBest_" : "0",
      "_Gain_" : "1.15384615385",
      "_CumLift_" : "2.15384615385",
      "_CumPctRespBest_" : "79.4444444444",
      "_Value_" : "0.227379152219",
      "_Event_" : "1",
      "_NEvents_" : "6",
      "_PctResp_" : "16.6666666667",
      "_LiftBest_" : "0",
      "_PartInd_" : "0",
      "_Resp_" : "4.1958041958",
      "_GainBest_" : "3"
    },
    "rowNumber" : 6,
    "header" : null
  }, {
    "dataMap" : {
      "_CumLiftBest_" : "3.33333333333",
      "_NObs_" : "36",
      "_Depth_" : "30",
      "_CumRespBest_" : "100",
      "_formattedPartition_" : "           0",
      "_Column_" : "P_BAD1",
      "_Lift_" : "0.839160839161",
      "_RespBest_" : "0",
      "_CumPctResp_" : "38.4259259259",
      "_DataRole_" : "VALIDATE",
      "_NEventsBest_" : "0",
      "_CumResp_" : "58.041958042",
      "_PctRespBest_" : "0",
      "_Gain_" : "0.934731934732",
      "_CumLift_" : "1.93473193473",
      "_CumPctRespBest_" : "66.2037037037",
      "_Value_" : "0.213045704596",
      "_Event_" : "1",
      "_NEvents_" : "6",
      "_PctResp_" : "16.6666666667",
      "_LiftBest_" : "0",
      "_PartInd_" : "0",
      "_Resp_" : "4.1958041958",
      "_GainBest_" : "2.33333333333"
    },
    "rowNumber" : 7,
    "header" : null
  }, {
    "dataMap" : {
      "_CumLiftBest_" : "2.85714285714",
      "_NObs_" : "36",
      "_Depth_" : "35",
      "_CumRespBest_" : "100",
      "_formattedPartition_" : "           0",
      "_Column_" : "P_BAD1",
      "_Lift_" : "0.41958041958",
      "_RespBest_" : "0",
      "_CumPctResp_" : "34.126984127",
      "_DataRole_" : "VALIDATE",
      "_NEventsBest_" : "0",
      "_CumResp_" : "60.1398601399",
      "_PctRespBest_" : "0",
      "_Gain_" : "0.718281718282",
      "_CumLift_" : "1.71828171828",
      "_CumPctRespBest_" : "56.746031746",
      "_Value_" : "0.200214754859",
      "_Event_" : "1",
      "_NEvents_" : "3",
      "_PctResp_" : "8.33333333333",
      "_LiftBest_" : "0",
      "_PartInd_" : "0",
      "_Resp_" : "2.0979020979",
      "_GainBest_" : "1.85714285714"
    },
    "rowNumber" : 8,
    "header" : null
  }, {
    "dataMap" : {
      "_CumLiftBest_" : "2.5",
      "_NObs_" : "36",
      "_Depth_" : "40",
      "_CumRespBest_" : "100",
      "_formattedPartition_" : "           0",
      "_Column_" : "P_BAD1",
      "_Lift_" : "1.11888111888",
      "_RespBest_" : "0",
      "_CumPctResp_" : "32.6388888889",
      "_DataRole_" : "VALIDATE",
      "_NEventsBest_" : "0",
      "_CumResp_" : "65.7342657343",
      "_PctRespBest_" : "0",
      "_Gain_" : "0.643356643357",
      "_CumLift_" : "1.64335664336",
      "_CumPctRespBest_" : "49.6527777778",
      "_Value_" : "0.184430839576",
      "_Event_" : "1",
      "_NEvents_" : "8",
      "_PctResp_" : "22.2222222222",
      "_LiftBest_" : "0",
      "_PartInd_" : "0",
      "_Resp_" : "5.59440559441",
      "_GainBest_" : "1.5"
    },
    "rowNumber" : 9,
    "header" : null
  }, {
    "dataMap" : {
      "_CumLiftBest_" : "2.22222222222",
      "_NObs_" : "36",
      "_Depth_" : "45",
      "_CumRespBest_" : "100",
      "_formattedPartition_" : "           0",
      "_Column_" : "P_BAD1",
      "_Lift_" : "0.559440559441",
      "_RespBest_" : "0",
      "_CumPctResp_" : "30.2469135802",
      "_DataRole_" : "VALIDATE",
      "_NEventsBest_" : "0",
      "_CumResp_" : "68.5314685315",
      "_PctRespBest_" : "0",
      "_Gain_" : "0.522921522922",
      "_CumLift_" : "1.52292152292",
      "_CumPctRespBest_" : "44.1358024691",
      "_Value_" : "0.173062222216",
      "_Event_" : "1",
      "_NEvents_" : "4",
      "_PctResp_" : "11.1111111111",
      "_LiftBest_" : "0",
      "_PartInd_" : "0",
      "_Resp_" : "2.7972027972",
      "_GainBest_" : "1.22222222222"
    },
    "rowNumber" : 10,
    "header" : null
  }, {
    "dataMap" : {
      "_CumLiftBest_" : "2",
      "_NObs_" : "36",
      "_Depth_" : "50",
      "_CumRespBest_" : "100",
      "_formattedPartition_" : "           0",
      "_Column_" : "P_BAD1",
      "_Lift_" : "0.699300699301",
      "_RespBest_" : "0",
      "_CumPctResp_" : "28.6111111111",
      "_DataRole_" : "VALIDATE",
      "_NEventsBest_" : "0",
      "_CumResp_" : "72.027972028",
      "_PctRespBest_" : "0",
      "_Gain_" : "0.440559440559",
      "_CumLift_" : "1.44055944056",
      "_CumPctRespBest_" : "39.7222222222",
      "_Value_" : "0.157168433417",
      "_Event_" : "1",
      "_NEvents_" : "5",
      "_PctResp_" : "13.8888888889",
      "_LiftBest_" : "0",
      "_PartInd_" : "0",
      "_Resp_" : "3.4965034965",
      "_GainBest_" : "1"
    },
    "rowNumber" : 11,
    "header" : null
  }, {
    "dataMap" : {
      "_CumLiftBest_" : "1.81818181818",
      "_NObs_" : "36",
      "_Depth_" : "55",
      "_CumRespBest_" : "100",
      "_formattedPartition_" : "           0",
      "_Column_" : "P_BAD1",
      "_Lift_" : "0.839160839161",
      "_RespBest_" : "0",
      "_CumPctResp_" : "27.5252525253",
      "_DataRole_" : "VALIDATE",
      "_NEventsBest_" : "0",
      "_CumResp_" : "76.2237762238",
      "_PctRespBest_" : "0",
      "_Gain_" : "0.385886840432",
      "_CumLift_" : "1.38588684043",
      "_CumPctRespBest_" : "36.1111111111",
      "_Value_" : "0.143324081291",
      "_Event_" : "1",
      "_NEvents_" : "6",
      "_PctResp_" : "16.6666666667",
      "_LiftBest_" : "0",
      "_PartInd_" : "0",
      "_Resp_" : "4.1958041958",
      "_GainBest_" : "0.818181818182"
    },
    "rowNumber" : 12,
    "header" : null
  }, {
    "dataMap" : {
      "_CumLiftBest_" : "1.66666666667",
      "_NObs_" : "36",
      "_Depth_" : "60",
      "_CumRespBest_" : "100",
      "_formattedPartition_" : "           0",
      "_Column_" : "P_BAD1",
      "_Lift_" : "0.839160839161",
      "_RespBest_" : "0",
      "_CumPctResp_" : "26.6203703704",
      "_DataRole_" : "VALIDATE",
      "_NEventsBest_" : "0",
      "_CumResp_" : "80.4195804196",
      "_PctRespBest_" : "0",
      "_Gain_" : "0.340326340326",
      "_CumLift_" : "1.34032634033",
      "_CumPctRespBest_" : "33.1018518519",
      "_Value_" : "0.133572288496",
      "_Event_" : "1",
      "_NEvents_" : "6",
      "_PctResp_" : "16.6666666667",
      "_LiftBest_" : "0",
      "_PartInd_" : "0",
      "_Resp_" : "4.1958041958",
      "_GainBest_" : "0.666666666667"
    },
    "rowNumber" : 13,
    "header" : null
  }, {
    "dataMap" : {
      "_CumLiftBest_" : "1.53846153846",
      "_NObs_" : "36",
      "_Depth_" : "65",
      "_CumRespBest_" : "100",
      "_formattedPartition_" : "           0",
      "_Column_" : "P_BAD1",
      "_Lift_" : "1.27872127872",
      "_RespBest_" : "0",
      "_CumPctResp_" : "26.5262515263",
      "_DataRole_" : "VALIDATE",
      "_NEventsBest_" : "0",
      "_CumResp_" : "86.8131868132",
      "_PctRespBest_" : "0",
      "_Gain_" : "0.335587489434",
      "_CumLift_" : "1.33558748943",
      "_CumPctRespBest_" : "30.5555555556",
      "_Value_" : "0.127703301575",
      "_Event_" : "1",
      "_NEvents_" : "9.14285714286",
      "_PctResp_" : "25.3968253968",
      "_LiftBest_" : "0",
      "_PartInd_" : "0",
      "_Resp_" : "6.39360639361",
      "_GainBest_" : "0.538461538462"
    },
    "rowNumber" : 14,
    "header" : null
  }, {
    "dataMap" : {
      "_CumLiftBest_" : "1.42857142857",
      "_NObs_" : "36",
      "_Depth_" : "70",
      "_CumRespBest_" : "100",
      "_formattedPartition_" : "           0",
      "_Column_" : "P_BAD1",
      "_Lift_" : "1.0989010989",
      "_RespBest_" : "0",
      "_CumPctResp_" : "26.1904761905",
      "_DataRole_" : "VALIDATE",
      "_NEventsBest_" : "0",
      "_CumResp_" : "92.3076923077",
      "_PctRespBest_" : "0",
      "_Gain_" : "0.318681318681",
      "_CumLift_" : "1.31868131868",
      "_CumPctRespBest_" : "28.373015873",
      "_Value_" : "0.124671586843",
      "_Event_" : "1",
      "_NEvents_" : "7.85714285714",
      "_PctResp_" : "21.8253968254",
      "_LiftBest_" : "0",
      "_PartInd_" : "0",
      "_Resp_" : "5.49450549451",
      "_GainBest_" : "0.428571428571"
    },
    "rowNumber" : 15,
    "header" : null
  }, {
    "dataMap" : {
      "_CumLiftBest_" : "1.33333333333",
      "_NObs_" : "36",
      "_Depth_" : "75",
      "_CumRespBest_" : "100",
      "_formattedPartition_" : "           0",
      "_Column_" : "P_BAD1",
      "_Lift_" : "0.13986013986",
      "_RespBest_" : "0",
      "_CumPctResp_" : "24.6296296296",
      "_DataRole_" : "VALIDATE",
      "_NEventsBest_" : "0",
      "_CumResp_" : "93.006993007",
      "_PctRespBest_" : "0",
      "_Gain_" : "0.240093240093",
      "_CumLift_" : "1.24009324009",
      "_CumPctRespBest_" : "26.4814814815",
      "_Value_" : "0.114595350697",
      "_Event_" : "1",
      "_NEvents_" : "1",
      "_PctResp_" : "2.77777777778",
      "_LiftBest_" : "0",
      "_PartInd_" : "0",
      "_Resp_" : "0.699300699301",
      "_GainBest_" : "0.333333333333"
    },
    "rowNumber" : 16,
    "header" : null
  }, {
    "dataMap" : {
      "_CumLiftBest_" : "1.25",
      "_NObs_" : "36",
      "_Depth_" : "80",
      "_CumRespBest_" : "100",
      "_formattedPartition_" : "           0",
      "_Column_" : "P_BAD1",
      "_Lift_" : "0",
      "_RespBest_" : "0",
      "_CumPctResp_" : "23.0902777778",
      "_DataRole_" : "VALIDATE",
      "_NEventsBest_" : "0",
      "_CumResp_" : "93.006993007",
      "_PctRespBest_" : "0",
      "_Gain_" : "0.162587412587",
      "_CumLift_" : "1.16258741259",
      "_CumPctRespBest_" : "24.8263888889",
      "_Value_" : "0.105211496738",
      "_Event_" : "1",
      "_NEvents_" : "0",
      "_PctResp_" : "0",
      "_LiftBest_" : "0",
      "_PartInd_" : "0",
      "_Resp_" : "0",
      "_GainBest_" : "0.25"
    },
    "rowNumber" : 17,
    "header" : null
  }, {
    "dataMap" : {
      "_CumLiftBest_" : "1.17647058824",
      "_NObs_" : "36",
      "_Depth_" : "85",
      "_CumRespBest_" : "100",
      "_formattedPartition_" : "           0",
      "_Column_" : "P_BAD1",
      "_Lift_" : "0.13986013986",
      "_RespBest_" : "0",
      "_CumPctResp_" : "21.8954248366",
      "_DataRole_" : "VALIDATE",
      "_NEventsBest_" : "0",
      "_CumResp_" : "93.7062937063",
      "_PctRespBest_" : "0",
      "_Gain_" : "0.10242698478",
      "_CumLift_" : "1.10242698478",
      "_CumPctRespBest_" : "23.3660130719",
      "_Value_" : "0.0912817429714",
      "_Event_" : "1",
      "_NEvents_" : "1",
      "_PctResp_" : "2.77777777778",
      "_LiftBest_" : "0",
      "_PartInd_" : "0",
      "_Resp_" : "0.699300699301",
      "_GainBest_" : "0.176470588235"
    },
    "rowNumber" : 18,
    "header" : null
  }, {
    "dataMap" : {
      "_CumLiftBest_" : "1.11111111111",
      "_NObs_" : "36",
      "_Depth_" : "90",
      "_CumRespBest_" : "100",
      "_formattedPartition_" : "           0",
      "_Column_" : "P_BAD1",
      "_Lift_" : "0.27972027972",
      "_RespBest_" : "0",
      "_CumPctResp_" : "20.987654321",
      "_DataRole_" : "VALIDATE",
      "_NEventsBest_" : "0",
      "_CumResp_" : "95.1048951049",
      "_PctRespBest_" : "0",
      "_Gain_" : "0.0567210567211",
      "_CumLift_" : "1.05672105672",
      "_CumPctRespBest_" : "22.0679012346",
      "_Value_" : "0.073084878618",
      "_Event_" : "1",
      "_NEvents_" : "2",
      "_PctResp_" : "5.55555555556",
      "_LiftBest_" : "0",
      "_PartInd_" : "0",
      "_Resp_" : "1.3986013986",
      "_GainBest_" : "0.111111111111"
    },
    "rowNumber" : 19,
    "header" : null
  }, {
    "dataMap" : {
      "_CumLiftBest_" : "1.05263157895",
      "_NObs_" : "36",
      "_Depth_" : "95",
      "_CumRespBest_" : "100",
      "_formattedPartition_" : "           0",
      "_Column_" : "P_BAD1",
      "_Lift_" : "0.41958041958",
      "_RespBest_" : "0",
      "_CumPctResp_" : "20.3216374269",
      "_DataRole_" : "VALIDATE",
      "_NEventsBest_" : "0",
      "_CumResp_" : "97.2027972028",
      "_PctRespBest_" : "0",
      "_Gain_" : "0.0231873389768",
      "_CumLift_" : "1.02318733898",
      "_CumPctRespBest_" : "20.9064327485",
      "_Value_" : "0.0584748737582",
      "_Event_" : "1",
      "_NEvents_" : "3",
      "_PctResp_" : "8.33333333333",
      "_LiftBest_" : "0",
      "_PartInd_" : "0",
      "_Resp_" : "2.0979020979",
      "_GainBest_" : "0.0526315789474"
    },
    "rowNumber" : 20,
    "header" : null
  }, {
    "dataMap" : {
      "_CumLiftBest_" : "1",
      "_NObs_" : "30",
      "_Depth_" : "100",
      "_CumRespBest_" : "100",
      "_formattedPartition_" : "           0",
      "_Column_" : "P_BAD1",
      "_Lift_" : "0.559440559441",
      "_RespBest_" : "0",
      "_CumPctResp_" : "20.0280112045",
      "_DataRole_" : "VALIDATE",
      "_NEventsBest_" : "0",
      "_CumResp_" : "100",
      "_PctRespBest_" : "0",
      "_Gain_" : "0",
      "_CumLift_" : "1",
      "_CumPctRespBest_" : "20.0280112045",
      "_Value_" : "0.0278290256447",
      "_Event_" : "1",
      "_NEvents_" : "4",
      "_PctResp_" : "13.3333333333",
      "_LiftBest_" : "0",
      "_PartInd_" : "0",
      "_Resp_" : "2.7972027972",
      "_GainBest_" : "0"
    },
    "rowNumber" : 21,
    "header" : null
  }, {
    "dataMap" : {
      "_CumLiftBest_" : null,
      "_NObs_" : "0",
      "_Depth_" : "0",
      "_CumRespBest_" : "0",
      "_formattedPartition_" : "           1",
      "_Column_" : "P_BAD1",
      "_Lift_" : null,
      "_RespBest_" : "0",
      "_CumPctResp_" : null,
      "_DataRole_" : "TRAIN",
      "_NEventsBest_" : "0",
      "_CumResp_" : "0",
      "_PctRespBest_" : null,
      "_Gain_" : null,
      "_CumLift_" : null,
      "_CumPctRespBest_" : null,
      "_Value_" : "0",
      "_Event_" : "1",
      "_NEvents_" : "0",
      "_PctResp_" : null,
      "_LiftBest_" : null,
      "_PartInd_" : "1",
      "_Resp_" : "0",
      "_GainBest_" : null
    },
    "rowNumber" : 22,
    "header" : null
  }, {
    "dataMap" : {
      "_CumLiftBest_" : "5.05263157895",
      "_NObs_" : "72",
      "_Depth_" : "5",
      "_CumRespBest_" : "25.2631578947",
      "_formattedPartition_" : "           1",
      "_Column_" : "P_BAD1",
      "_Lift_" : "3.64912280702",
      "_RespBest_" : "25.2631578947",
      "_CumPctResp_" : "72.2222222222",
      "_DataRole_" : "TRAIN",
      "_NEventsBest_" : "72",
      "_CumResp_" : "18.2456140351",
      "_PctRespBest_" : "100",
      "_Gain_" : "2.64912280702",
      "_CumLift_" : "3.64912280702",
      "_CumPctRespBest_" : "100",
      "_Value_" : "0.49908535815",
      "_Event_" : "1",
      "_NEvents_" : "52",
      "_PctResp_" : "72.2222222222",
      "_LiftBest_" : "5.05263157895",
      "_PartInd_" : "1",
      "_Resp_" : "18.2456140351",
      "_GainBest_" : "4.05263157895"
    },
    "rowNumber" : 23,
    "header" : null
  }, {
    "dataMap" : {
      "_CumLiftBest_" : "5.05263157895",
      "_NObs_" : "72",
      "_Depth_" : "10",
      "_CumRespBest_" : "50.5263157895",
      "_formattedPartition_" : "           1",
      "_Column_" : "P_BAD1",
      "_Lift_" : "2.31578947368",
      "_RespBest_" : "25.2631578947",
      "_CumPctResp_" : "59.0277777778",
      "_DataRole_" : "TRAIN",
      "_NEventsBest_" : "72",
      "_CumResp_" : "29.8245614035",
      "_PctRespBest_" : "100",
      "_Gain_" : "1.98245614035",
      "_CumLift_" : "2.98245614035",
      "_CumPctRespBest_" : "100",
      "_Value_" : "0.393717372381",
      "_Event_" : "1",
      "_NEvents_" : "33",
      "_PctResp_" : "45.8333333333",
      "_LiftBest_" : "5.05263157895",
      "_PartInd_" : "1",
      "_Resp_" : "11.5789473684",
      "_GainBest_" : "4.05263157895"
    },
    "rowNumber" : 24,
    "header" : null
  }, {
    "dataMap" : {
      "_CumLiftBest_" : "5.05263157895",
      "_NObs_" : "72",
      "_Depth_" : "15",
      "_CumRespBest_" : "75.7894736842",
      "_formattedPartition_" : "           1",
      "_Column_" : "P_BAD1",
      "_Lift_" : "1.75438596491",
      "_RespBest_" : "25.2631578947",
      "_CumPctResp_" : "50.9259259259",
      "_DataRole_" : "TRAIN",
      "_NEventsBest_" : "72",
      "_CumResp_" : "38.5964912281",
      "_PctRespBest_" : "100",
      "_Gain_" : "1.5730994152",
      "_CumLift_" : "2.5730994152",
      "_CumPctRespBest_" : "100",
      "_Value_" : "0.311006141361",
      "_Event_" : "1",
      "_NEvents_" : "25",
      "_PctResp_" : "34.7222222222",
      "_LiftBest_" : "5.05263157895",
      "_PartInd_" : "1",
      "_Resp_" : "8.77192982456",
      "_GainBest_" : "4.05263157895"
    },
    "rowNumber" : 25,
    "header" : null
  }, {
    "dataMap" : {
      "_CumLiftBest_" : "5",
      "_NObs_" : "72",
      "_Depth_" : "20",
      "_CumRespBest_" : "100",
      "_formattedPartition_" : "           1",
      "_Column_" : "P_BAD1",
      "_Lift_" : "1.40350877193",
      "_RespBest_" : "24.2105263158",
      "_CumPctResp_" : "45.1388888889",
      "_DataRole_" : "TRAIN",
      "_NEventsBest_" : "69",
      "_CumResp_" : "45.6140350877",
      "_PctRespBest_" : "95.8333333333",
      "_Gain_" : "1.28070175439",
      "_CumLift_" : "2.28070175439",
      "_CumPctRespBest_" : "98.9583333333",
      "_Value_" : "0.249073626895",
      "_Event_" : "1",
      "_NEvents_" : "20",
      "_PctResp_" : "27.7777777778",
      "_LiftBest_" : "4.84210526316",
      "_PartInd_" : "1",
      "_Resp_" : "7.01754385965",
      "_GainBest_" : "4"
    },
    "rowNumber" : 26,
    "header" : null
  }, {
    "dataMap" : {
      "_CumLiftBest_" : "4",
      "_NObs_" : "72",
      "_Depth_" : "25",
      "_CumRespBest_" : "100",
      "_formattedPartition_" : "           1",
      "_Column_" : "P_BAD1",
      "_Lift_" : "1.12280701754",
      "_RespBest_" : "0",
      "_CumPctResp_" : "40.5555555556",
      "_DataRole_" : "TRAIN",
      "_NEventsBest_" : "0",
      "_CumResp_" : "51.2280701754",
      "_PctRespBest_" : "0",
      "_Gain_" : "1.04912280702",
      "_CumLift_" : "2.04912280702",
      "_CumPctRespBest_" : "79.1666666667",
      "_Value_" : "0.223415075788",
      "_Event_" : "1",
      "_NEvents_" : "16",
      "_PctResp_" : "22.2222222222",
      "_LiftBest_" : "0",
      "_PartInd_" : "1",
      "_Resp_" : "5.61403508772",
      "_GainBest_" : "3"
    },
    "rowNumber" : 27,
    "header" : null
  }, {
    "dataMap" : {
      "_CumLiftBest_" : "3.33333333333",
      "_NObs_" : "72",
      "_Depth_" : "30",
      "_CumRespBest_" : "100",
      "_formattedPartition_" : "           1",
      "_Column_" : "P_BAD1",
      "_Lift_" : "1.05263157895",
      "_RespBest_" : "0",
      "_CumPctResp_" : "37.2685185185",
      "_DataRole_" : "TRAIN",
      "_NEventsBest_" : "0",
      "_CumResp_" : "56.4912280702",
      "_PctRespBest_" : "0",
      "_Gain_" : "0.883040935673",
      "_CumLift_" : "1.88304093567",
      "_CumPctRespBest_" : "65.9722222222",
      "_Value_" : "0.206755791496",
      "_Event_" : "1",
      "_NEvents_" : "15",
      "_PctResp_" : "20.8333333333",
      "_LiftBest_" : "0",
      "_PartInd_" : "1",
      "_Resp_" : "5.26315789474",
      "_GainBest_" : "2.33333333333"
    },
    "rowNumber" : 28,
    "header" : null
  }, {
    "dataMap" : {
      "_CumLiftBest_" : "2.85714285714",
      "_NObs_" : "72",
      "_Depth_" : "35",
      "_CumRespBest_" : "100",
      "_formattedPartition_" : "           1",
      "_Column_" : "P_BAD1",
      "_Lift_" : "1.12280701754",
      "_RespBest_" : "0",
      "_CumPctResp_" : "35.119047619",
      "_DataRole_" : "TRAIN",
      "_NEventsBest_" : "0",
      "_CumResp_" : "62.1052631579",
      "_PctRespBest_" : "0",
      "_Gain_" : "0.774436090226",
      "_CumLift_" : "1.77443609023",
      "_CumPctRespBest_" : "56.5476190476",
      "_Value_" : "0.192764015009",
      "_Event_" : "1",
      "_NEvents_" : "16",
      "_PctResp_" : "22.2222222222",
      "_LiftBest_" : "0",
      "_PartInd_" : "1",
      "_Resp_" : "5.61403508772",
      "_GainBest_" : "1.85714285714"
    },
    "rowNumber" : 29,
    "header" : null
  }, {
    "dataMap" : {
      "_CumLiftBest_" : "2.5",
      "_NObs_" : "72",
      "_Depth_" : "40",
      "_CumRespBest_" : "100",
      "_formattedPartition_" : "           1",
      "_Column_" : "P_BAD1",
      "_Lift_" : "1.19298245614",
      "_RespBest_" : "0",
      "_CumPctResp_" : "33.6805555556",
      "_DataRole_" : "TRAIN",
      "_NEventsBest_" : "0",
      "_CumResp_" : "68.0701754386",
      "_PctRespBest_" : "0",
      "_Gain_" : "0.701754385965",
      "_CumLift_" : "1.70175438596",
      "_CumPctRespBest_" : "49.4791666667",
      "_Value_" : "0.181030663469",
      "_Event_" : "1",
      "_NEvents_" : "17",
      "_PctResp_" : "23.6111111111",
      "_LiftBest_" : "0",
      "_PartInd_" : "1",
      "_Resp_" : "5.9649122807",
      "_GainBest_" : "1.5"
    },
    "rowNumber" : 30,
    "header" : null
  }, {
    "dataMap" : {
      "_CumLiftBest_" : "2.22222222222",
      "_NObs_" : "72",
      "_Depth_" : "45",
      "_CumRespBest_" : "100",
      "_formattedPartition_" : "           1",
      "_Column_" : "P_BAD1",
      "_Lift_" : "0.842105263158",
      "_RespBest_" : "0",
      "_CumPctResp_" : "31.7901234568",
      "_DataRole_" : "TRAIN",
      "_NEventsBest_" : "0",
      "_CumResp_" : "72.2807017544",
      "_PctRespBest_" : "0",
      "_Gain_" : "0.606237816764",
      "_CumLift_" : "1.60623781676",
      "_CumPctRespBest_" : "43.9814814815",
      "_Value_" : "0.16811673397",
      "_Event_" : "1",
      "_NEvents_" : "12",
      "_PctResp_" : "16.6666666667",
      "_LiftBest_" : "0",
      "_PartInd_" : "1",
      "_Resp_" : "4.21052631579",
      "_GainBest_" : "1.22222222222"
    },
    "rowNumber" : 31,
    "header" : null
  }, {
    "dataMap" : {
      "_CumLiftBest_" : "2",
      "_NObs_" : "72",
      "_Depth_" : "50",
      "_CumRespBest_" : "100",
      "_formattedPartition_" : "           1",
      "_Column_" : "P_BAD1",
      "_Lift_" : "1.05263157895",
      "_RespBest_" : "0",
      "_CumPctResp_" : "30.6944444444",
      "_DataRole_" : "TRAIN",
      "_NEventsBest_" : "0",
      "_CumResp_" : "77.5438596491",
      "_PctRespBest_" : "0",
      "_Gain_" : "0.550877192982",
      "_CumLift_" : "1.55087719298",
      "_CumPctRespBest_" : "39.5833333333",
      "_Value_" : "0.151692448361",
      "_Event_" : "1",
      "_NEvents_" : "15",
      "_PctResp_" : "20.8333333333",
      "_LiftBest_" : "0",
      "_PartInd_" : "1",
      "_Resp_" : "5.26315789474",
      "_GainBest_" : "1"
    },
    "rowNumber" : 32,
    "header" : null
  }, {
    "dataMap" : {
      "_CumLiftBest_" : "1.81818181818",
      "_NObs_" : "72",
      "_Depth_" : "55",
      "_CumRespBest_" : "100",
      "_formattedPartition_" : "           1",
      "_Column_" : "P_BAD1",
      "_Lift_" : "0.982456140351",
      "_RespBest_" : "0",
      "_CumPctResp_" : "29.6717171717",
      "_DataRole_" : "TRAIN",
      "_NEventsBest_" : "0",
      "_CumResp_" : "82.4561403509",
      "_PctRespBest_" : "0",
      "_Gain_" : "0.499202551834",
      "_CumLift_" : "1.49920255183",
      "_CumPctRespBest_" : "35.9848484848",
      "_Value_" : "0.135817436799",
      "_Event_" : "1",
      "_NEvents_" : "14",
      "_PctResp_" : "19.4444444444",
      "_LiftBest_" : "0",
      "_PartInd_" : "1",
      "_Resp_" : "4.91228070175",
      "_GainBest_" : "0.818181818182"
    },
    "rowNumber" : 33,
    "header" : null
  }, {
    "dataMap" : {
      "_CumLiftBest_" : "1.66666666667",
      "_NObs_" : "72",
      "_Depth_" : "60",
      "_CumRespBest_" : "100",
      "_formattedPartition_" : "           1",
      "_Column_" : "P_BAD1",
      "_Lift_" : "0.711638250556",
      "_RespBest_" : "0",
      "_CumPctResp_" : "28.3727829943",
      "_DataRole_" : "TRAIN",
      "_NEventsBest_" : "0",
      "_CumResp_" : "86.0143316037",
      "_PctRespBest_" : "0",
      "_Gain_" : "0.433572193394",
      "_CumLift_" : "1.43357219339",
      "_CumPctRespBest_" : "32.9861111111",
      "_Value_" : "0.127703301575",
      "_Event_" : "1",
      "_NEvents_" : "10.1408450704",
      "_PctResp_" : "14.0845070423",
      "_LiftBest_" : "0",
      "_PartInd_" : "1",
      "_Resp_" : "3.55819125278",
      "_GainBest_" : "0.666666666667"
    },
    "rowNumber" : 34,
    "header" : null
  }, {
    "dataMap" : {
      "_CumLiftBest_" : "1.53846153846",
      "_NObs_" : "72",
      "_Depth_" : "65",
      "_CumRespBest_" : "100",
      "_formattedPartition_" : "           1",
      "_Column_" : "P_BAD1",
      "_Lift_" : "0.832221398567",
      "_RespBest_" : "0",
      "_CumPctResp_" : "27.4572649573",
      "_DataRole_" : "TRAIN",
      "_NEventsBest_" : "0",
      "_CumResp_" : "90.1754385965",
      "_PctRespBest_" : "0",
      "_Gain_" : "0.387314439946",
      "_CumLift_" : "1.38731443995",
      "_CumPctRespBest_" : "30.4487179487",
      "_Value_" : "0.124328710825",
      "_Event_" : "1",
      "_NEvents_" : "11.8591549296",
      "_PctResp_" : "16.4710485133",
      "_LiftBest_" : "0",
      "_PartInd_" : "1",
      "_Resp_" : "4.16110699283",
      "_GainBest_" : "0.538461538462"
    },
    "rowNumber" : 35,
    "header" : null
  }, {
    "dataMap" : {
      "_CumLiftBest_" : "1.42857142857",
      "_NObs_" : "72",
      "_Depth_" : "70",
      "_CumRespBest_" : "100",
      "_formattedPartition_" : "           1",
      "_Column_" : "P_BAD1",
      "_Lift_" : "0.350877192982",
      "_RespBest_" : "0",
      "_CumPctResp_" : "25.9920634921",
      "_DataRole_" : "TRAIN",
      "_NEventsBest_" : "0",
      "_CumResp_" : "91.9298245614",
      "_PctRespBest_" : "0",
      "_Gain_" : "0.31328320802",
      "_CumLift_" : "1.31328320802",
      "_CumPctRespBest_" : "28.2738095238",
      "_Value_" : "0.113780640222",
      "_Event_" : "1",
      "_NEvents_" : "5",
      "_PctResp_" : "6.94444444444",
      "_LiftBest_" : "0",
      "_PartInd_" : "1",
      "_Resp_" : "1.75438596491",
      "_GainBest_" : "0.428571428571"
    },
    "rowNumber" : 36,
    "header" : null
  }, {
    "dataMap" : {
      "_CumLiftBest_" : "1.33333333333",
      "_NObs_" : "72",
      "_Depth_" : "75",
      "_CumRespBest_" : "100",
      "_formattedPartition_" : "           1",
      "_Column_" : "P_BAD1",
      "_Lift_" : "0.421052631579",
      "_RespBest_" : "0",
      "_CumPctResp_" : "24.8148148148",
      "_DataRole_" : "TRAIN",
      "_NEventsBest_" : "0",
      "_CumResp_" : "94.0350877193",
      "_PctRespBest_" : "0",
      "_Gain_" : "0.253801169591",
      "_CumLift_" : "1.25380116959",
      "_CumPctRespBest_" : "26.3888888889",
      "_Value_" : "0.103812425986",
      "_Event_" : "1",
      "_NEvents_" : "6",
      "_PctResp_" : "8.33333333333",
      "_LiftBest_" : "0",
      "_PartInd_" : "1",
      "_Resp_" : "2.10526315789",
      "_GainBest_" : "0.333333333333"
    },
    "rowNumber" : 37,
    "header" : null
  }, {
    "dataMap" : {
      "_CumLiftBest_" : "1.25",
      "_NObs_" : "72",
      "_Depth_" : "80",
      "_CumRespBest_" : "100",
      "_formattedPartition_" : "           1",
      "_Column_" : "P_BAD1",
      "_Lift_" : "0.350877192982",
      "_RespBest_" : "0",
      "_CumPctResp_" : "23.6979166667",
      "_DataRole_" : "TRAIN",
      "_NEventsBest_" : "0",
      "_CumResp_" : "95.7894736842",
      "_PctRespBest_" : "0",
      "_Gain_" : "0.197368421053",
      "_CumLift_" : "1.19736842105",
      "_CumPctRespBest_" : "24.7395833333",
      "_Value_" : "0.0930796528877",
      "_Event_" : "1",
      "_NEvents_" : "5",
      "_PctResp_" : "6.94444444444",
      "_LiftBest_" : "0",
      "_PartInd_" : "1",
      "_Resp_" : "1.75438596491",
      "_GainBest_" : "0.25"
    },
    "rowNumber" : 38,
    "header" : null
  }, {
    "dataMap" : {
      "_CumLiftBest_" : "1.17647058824",
      "_NObs_" : "72",
      "_Depth_" : "85",
      "_CumRespBest_" : "100",
      "_formattedPartition_" : "           1",
      "_Column_" : "P_BAD1",
      "_Lift_" : "0.140350877193",
      "_RespBest_" : "0",
      "_CumPctResp_" : "22.4673202614",
      "_DataRole_" : "TRAIN",
      "_NEventsBest_" : "0",
      "_CumResp_" : "96.4912280702",
      "_PctRespBest_" : "0",
      "_Gain_" : "0.135190918473",
      "_CumLift_" : "1.13519091847",
      "_CumPctRespBest_" : "23.2843137255",
      "_Value_" : "0.0824021339297",
      "_Event_" : "1",
      "_NEvents_" : "2",
      "_PctResp_" : "2.77777777778",
      "_LiftBest_" : "0",
      "_PartInd_" : "1",
      "_Resp_" : "0.701754385965",
      "_GainBest_" : "0.176470588235"
    },
    "rowNumber" : 39,
    "header" : null
  }, {
    "dataMap" : {
      "_CumLiftBest_" : "1.11111111111",
      "_NObs_" : "72",
      "_Depth_" : "90",
      "_CumRespBest_" : "100",
      "_formattedPartition_" : "           1",
      "_Column_" : "P_BAD1",
      "_Lift_" : "0.350877192982",
      "_RespBest_" : "0",
      "_CumPctResp_" : "21.6049382716",
      "_DataRole_" : "TRAIN",
      "_NEventsBest_" : "0",
      "_CumResp_" : "98.2456140351",
      "_PctRespBest_" : "0",
      "_Gain_" : "0.0916179337232",
      "_CumLift_" : "1.09161793372",
      "_CumPctRespBest_" : "21.9907407407",
      "_Value_" : "0.0684528864109",
      "_Event_" : "1",
      "_NEvents_" : "5",
      "_PctResp_" : "6.94444444444",
      "_LiftBest_" : "0",
      "_PartInd_" : "1",
      "_Resp_" : "1.75438596491",
      "_GainBest_" : "0.111111111111"
    },
    "rowNumber" : 40,
    "header" : null
  }, {
    "dataMap" : {
      "_CumLiftBest_" : "1.05263157895",
      "_NObs_" : "72",
      "_Depth_" : "95",
      "_CumRespBest_" : "100",
      "_formattedPartition_" : "           1",
      "_Column_" : "P_BAD1",
      "_Lift_" : "0",
      "_RespBest_" : "0",
      "_CumPctResp_" : "20.4678362573",
      "_DataRole_" : "TRAIN",
      "_NEventsBest_" : "0",
      "_CumResp_" : "98.2456140351",
      "_PctRespBest_" : "0",
      "_Gain_" : "0.0341643582641",
      "_CumLift_" : "1.03416435826",
      "_CumPctRespBest_" : "20.8333333333",
      "_Value_" : "0.0553876390955",
      "_Event_" : "1",
      "_NEvents_" : "0",
      "_PctResp_" : "0",
      "_LiftBest_" : "0",
      "_PartInd_" : "1",
      "_Resp_" : "0",
      "_GainBest_" : "0.0526315789474"
    },
    "rowNumber" : 41,
    "header" : null
  }, {
    "dataMap" : {
      "_CumLiftBest_" : "1",
      "_NObs_" : "60",
      "_Depth_" : "100",
      "_CumRespBest_" : "100",
      "_formattedPartition_" : "           1",
      "_Column_" : "P_BAD1",
      "_Lift_" : "0.350877192982",
      "_RespBest_" : "0",
      "_CumPctResp_" : "19.9579831933",
      "_DataRole_" : "TRAIN",
      "_NEventsBest_" : "0",
      "_CumResp_" : "100",
      "_PctRespBest_" : "0",
      "_Gain_" : "0",
      "_CumLift_" : "1",
      "_CumPctRespBest_" : "19.9579831933",
      "_Value_" : "1.82346099921E-4",
      "_Event_" : "1",
      "_NEvents_" : "5",
      "_PctResp_" : "8.33333333333",
      "_LiftBest_" : "0",
      "_PartInd_" : "1",
      "_Resp_" : "1.75438596491",
      "_GainBest_" : "0"
    },
    "rowNumber" : 42,
    "header" : null
  }, {
    "dataMap" : {
      "_CumLiftBest_" : null,
      "_NObs_" : "0",
      "_Depth_" : "0",
      "_CumRespBest_" : "0",
      "_formattedPartition_" : "           2",
      "_Column_" : "P_BAD1",
      "_Lift_" : null,
      "_RespBest_" : "0",
      "_CumPctResp_" : null,
      "_DataRole_" : "TEST",
      "_NEventsBest_" : "0",
      "_CumResp_" : "0",
      "_PctRespBest_" : null,
      "_Gain_" : null,
      "_CumLift_" : null,
      "_CumPctRespBest_" : null,
      "_Value_" : "0",
      "_Event_" : "1",
      "_NEvents_" : "0",
      "_PctResp_" : null,
      "_LiftBest_" : null,
      "_PartInd_" : "2",
      "_Resp_" : "0",
      "_GainBest_" : null
    },
    "rowNumber" : 43,
    "header" : null
  }, {
    "dataMap" : {
      "_CumLiftBest_" : "5",
      "_NObs_" : "12",
      "_Depth_" : "5",
      "_CumRespBest_" : "25",
      "_formattedPartition_" : "           2",
      "_Column_" : "P_BAD1",
      "_Lift_" : "4.58333333333",
      "_RespBest_" : "25",
      "_CumPctResp_" : "91.6666666667",
      "_DataRole_" : "TEST",
      "_NEventsBest_" : "12",
      "_CumResp_" : "22.9166666667",
      "_PctRespBest_" : "100",
      "_Gain_" : "3.58333333333",
      "_CumLift_" : "4.58333333333",
      "_CumPctRespBest_" : "100",
      "_Value_" : "0.662219317625",
      "_Event_" : "1",
      "_NEvents_" : "11",
      "_PctResp_" : "91.6666666667",
      "_LiftBest_" : "5",
      "_PartInd_" : "2",
      "_Resp_" : "22.9166666667",
      "_GainBest_" : "4"
    },
    "rowNumber" : 44,
    "header" : null
  }, {
    "dataMap" : {
      "_CumLiftBest_" : "5",
      "_NObs_" : "12",
      "_Depth_" : "10",
      "_CumRespBest_" : "50",
      "_formattedPartition_" : "           2",
      "_Column_" : "P_BAD1",
      "_Lift_" : "2.5",
      "_RespBest_" : "25",
      "_CumPctResp_" : "70.8333333333",
      "_DataRole_" : "TEST",
      "_NEventsBest_" : "12",
      "_CumResp_" : "35.4166666667",
      "_PctRespBest_" : "100",
      "_Gain_" : "2.54166666667",
      "_CumLift_" : "3.54166666667",
      "_CumPctRespBest_" : "100",
      "_Value_" : "0.409589067053",
      "_Event_" : "1",
      "_NEvents_" : "6",
      "_PctResp_" : "50",
      "_LiftBest_" : "5",
      "_PartInd_" : "2",
      "_Resp_" : "12.5",
      "_GainBest_" : "4"
    },
    "rowNumber" : 45,
    "header" : null
  }, {
    "dataMap" : {
      "_CumLiftBest_" : "5",
      "_NObs_" : "12",
      "_Depth_" : "15",
      "_CumRespBest_" : "75",
      "_formattedPartition_" : "           2",
      "_Column_" : "P_BAD1",
      "_Lift_" : "0.833333333333",
      "_RespBest_" : "25",
      "_CumPctResp_" : "52.7777777778",
      "_DataRole_" : "TEST",
      "_NEventsBest_" : "12",
      "_CumResp_" : "39.5833333333",
      "_PctRespBest_" : "100",
      "_Gain_" : "1.63888888889",
      "_CumLift_" : "2.63888888889",
      "_CumPctRespBest_" : "100",
      "_Value_" : "0.328262845585",
      "_Event_" : "1",
      "_NEvents_" : "2",
      "_PctResp_" : "16.6666666667",
      "_LiftBest_" : "5",
      "_PartInd_" : "2",
      "_Resp_" : "4.16666666667",
      "_GainBest_" : "4"
    },
    "rowNumber" : 46,
    "header" : null
  }, {
    "dataMap" : {
      "_CumLiftBest_" : "5",
      "_NObs_" : "12",
      "_Depth_" : "20",
      "_CumRespBest_" : "100",
      "_formattedPartition_" : "           2",
      "_Column_" : "P_BAD1",
      "_Lift_" : "2.08333333333",
      "_RespBest_" : "25",
      "_CumPctResp_" : "50",
      "_DataRole_" : "TEST",
      "_NEventsBest_" : "12",
      "_CumResp_" : "50",
      "_PctRespBest_" : "100",
      "_Gain_" : "1.5",
      "_CumLift_" : "2.5",
      "_CumPctRespBest_" : "100",
      "_Value_" : "0.27655644959",
      "_Event_" : "1",
      "_NEvents_" : "5",
      "_PctResp_" : "41.6666666667",
      "_LiftBest_" : "5",
      "_PartInd_" : "2",
      "_Resp_" : "10.4166666667",
      "_GainBest_" : "4"
    },
    "rowNumber" : 47,
    "header" : null
  }, {
    "dataMap" : {
      "_CumLiftBest_" : "4",
      "_NObs_" : "12",
      "_Depth_" : "25",
      "_CumRespBest_" : "100",
      "_formattedPartition_" : "           2",
      "_Column_" : "P_BAD1",
      "_Lift_" : "0.833333333333",
      "_RespBest_" : "0",
      "_CumPctResp_" : "43.3333333333",
      "_DataRole_" : "TEST",
      "_NEventsBest_" : "0",
      "_CumResp_" : "54.1666666667",
      "_PctRespBest_" : "0",
      "_Gain_" : "1.16666666667",
      "_CumLift_" : "2.16666666667",
      "_CumPctRespBest_" : "80",
      "_Value_" : "0.239713617651",
      "_Event_" : "1",
      "_NEvents_" : "2",
      "_PctResp_" : "16.6666666667",
      "_LiftBest_" : "0",
      "_PartInd_" : "2",
      "_Resp_" : "4.16666666667",
      "_GainBest_" : "3"
    },
    "rowNumber" : 48,
    "header" : null
  }, {
    "dataMap" : {
      "_CumLiftBest_" : "3.33333333333",
      "_NObs_" : "12",
      "_Depth_" : "30",
      "_CumRespBest_" : "100",
      "_formattedPartition_" : "           2",
      "_Column_" : "P_BAD1",
      "_Lift_" : "1.66666666667",
      "_RespBest_" : "0",
      "_CumPctResp_" : "41.6666666667",
      "_DataRole_" : "TEST",
      "_NEventsBest_" : "0",
      "_CumResp_" : "62.5",
      "_PctRespBest_" : "0",
      "_Gain_" : "1.08333333333",
      "_CumLift_" : "2.08333333333",
      "_CumPctRespBest_" : "66.6666666667",
      "_Value_" : "0.21509559891",
      "_Event_" : "1",
      "_NEvents_" : "4",
      "_PctResp_" : "33.3333333333",
      "_LiftBest_" : "0",
      "_PartInd_" : "2",
      "_Resp_" : "8.33333333333",
      "_GainBest_" : "2.33333333333"
    },
    "rowNumber" : 49,
    "header" : null
  }, {
    "dataMap" : {
      "_CumLiftBest_" : "2.85714285714",
      "_NObs_" : "12",
      "_Depth_" : "35",
      "_CumRespBest_" : "100",
      "_formattedPartition_" : "           2",
      "_Column_" : "P_BAD1",
      "_Lift_" : "0.833333333333",
      "_RespBest_" : "0",
      "_CumPctResp_" : "38.0952380952",
      "_DataRole_" : "TEST",
      "_NEventsBest_" : "0",
      "_CumResp_" : "66.6666666667",
      "_PctRespBest_" : "0",
      "_Gain_" : "0.904761904762",
      "_CumLift_" : "1.90476190476",
      "_CumPctRespBest_" : "57.1428571429",
      "_Value_" : "0.202749964461",
      "_Event_" : "1",
      "_NEvents_" : "2",
      "_PctResp_" : "16.6666666667",
      "_LiftBest_" : "0",
      "_PartInd_" : "2",
      "_Resp_" : "4.16666666667",
      "_GainBest_" : "1.85714285714"
    },
    "rowNumber" : 50,
    "header" : null
  }, {
    "dataMap" : {
      "_CumLiftBest_" : "2.5",
      "_NObs_" : "12",
      "_Depth_" : "40",
      "_CumRespBest_" : "100",
      "_formattedPartition_" : "           2",
      "_Column_" : "P_BAD1",
      "_Lift_" : "1.66666666667",
      "_RespBest_" : "0",
      "_CumPctResp_" : "37.5",
      "_DataRole_" : "TEST",
      "_NEventsBest_" : "0",
      "_CumResp_" : "75",
      "_PctRespBest_" : "0",
      "_Gain_" : "0.875",
      "_CumLift_" : "1.875",
      "_CumPctRespBest_" : "50",
      "_Value_" : "0.187270861465",
      "_Event_" : "1",
      "_NEvents_" : "4",
      "_PctResp_" : "33.3333333333",
      "_LiftBest_" : "0",
      "_PartInd_" : "2",
      "_Resp_" : "8.33333333333",
      "_GainBest_" : "1.5"
    },
    "rowNumber" : 51,
    "header" : null
  }, {
    "dataMap" : {
      "_CumLiftBest_" : "2.22222222222",
      "_NObs_" : "12",
      "_Depth_" : "45",
      "_CumRespBest_" : "100",
      "_formattedPartition_" : "           2",
      "_Column_" : "P_BAD1",
      "_Lift_" : "0.833333333333",
      "_RespBest_" : "0",
      "_CumPctResp_" : "35.1851851852",
      "_DataRole_" : "TEST",
      "_NEventsBest_" : "0",
      "_CumResp_" : "79.1666666667",
      "_PctRespBest_" : "0",
      "_Gain_" : "0.759259259259",
      "_CumLift_" : "1.75925925926",
      "_CumPctRespBest_" : "44.4444444444",
      "_Value_" : "0.172258206807",
      "_Event_" : "1",
      "_NEvents_" : "2",
      "_PctResp_" : "16.6666666667",
      "_LiftBest_" : "0",
      "_PartInd_" : "2",
      "_Resp_" : "4.16666666667",
      "_GainBest_" : "1.22222222222"
    },
    "rowNumber" : 52,
    "header" : null
  }, {
    "dataMap" : {
      "_CumLiftBest_" : "2",
      "_NObs_" : "12",
      "_Depth_" : "50",
      "_CumRespBest_" : "100",
      "_formattedPartition_" : "           2",
      "_Column_" : "P_BAD1",
      "_Lift_" : "0.833333333333",
      "_RespBest_" : "0",
      "_CumPctResp_" : "33.3333333333",
      "_DataRole_" : "TEST",
      "_NEventsBest_" : "0",
      "_CumResp_" : "83.3333333333",
      "_PctRespBest_" : "0",
      "_Gain_" : "0.666666666667",
      "_CumLift_" : "1.66666666667",
      "_CumPctRespBest_" : "40",
      "_Value_" : "0.15303073277",
      "_Event_" : "1",
      "_NEvents_" : "2",
      "_PctResp_" : "16.6666666667",
      "_LiftBest_" : "0",
      "_PartInd_" : "2",
      "_Resp_" : "4.16666666667",
      "_GainBest_" : "1"
    },
    "rowNumber" : 53,
    "header" : null
  }, {
    "dataMap" : {
      "_CumLiftBest_" : "1.81818181818",
      "_NObs_" : "12",
      "_Depth_" : "55",
      "_CumRespBest_" : "100",
      "_formattedPartition_" : "           2",
      "_Column_" : "P_BAD1",
      "_Lift_" : "0",
      "_RespBest_" : "0",
      "_CumPctResp_" : "30.303030303",
      "_DataRole_" : "TEST",
      "_NEventsBest_" : "0",
      "_CumResp_" : "83.3333333333",
      "_PctRespBest_" : "0",
      "_Gain_" : "0.515151515152",
      "_CumLift_" : "1.51515151515",
      "_CumPctRespBest_" : "36.3636363636",
      "_Value_" : "0.140402797021",
      "_Event_" : "1",
      "_NEvents_" : "0",
      "_PctResp_" : "0",
      "_LiftBest_" : "0",
      "_PartInd_" : "2",
      "_Resp_" : "0",
      "_GainBest_" : "0.818181818182"
    },
    "rowNumber" : 54,
    "header" : null
  }, {
    "dataMap" : {
      "_CumLiftBest_" : "1.66666666667",
      "_NObs_" : "12",
      "_Depth_" : "60",
      "_CumRespBest_" : "100",
      "_formattedPartition_" : "           2",
      "_Column_" : "P_BAD1",
      "_Lift_" : "0.416666666667",
      "_RespBest_" : "0",
      "_CumPctResp_" : "28.4722222222",
      "_DataRole_" : "TEST",
      "_NEventsBest_" : "0",
      "_CumResp_" : "85.4166666667",
      "_PctRespBest_" : "0",
      "_Gain_" : "0.423611111111",
      "_CumLift_" : "1.42361111111",
      "_CumPctRespBest_" : "33.3333333333",
      "_Value_" : "0.133724979017",
      "_Event_" : "1",
      "_NEvents_" : "1",
      "_PctResp_" : "8.33333333333",
      "_LiftBest_" : "0",
      "_PartInd_" : "2",
      "_Resp_" : "2.08333333333",
      "_GainBest_" : "0.666666666667"
    },
    "rowNumber" : 55,
    "header" : null
  }, {
    "dataMap" : {
      "_CumLiftBest_" : "1.53846153846",
      "_NObs_" : "12",
      "_Depth_" : "65",
      "_CumRespBest_" : "100",
      "_formattedPartition_" : "           2",
      "_Column_" : "P_BAD1",
      "_Lift_" : "0.625",
      "_RespBest_" : "0",
      "_CumPctResp_" : "27.2435897436",
      "_DataRole_" : "TEST",
      "_NEventsBest_" : "0",
      "_CumResp_" : "88.5416666667",
      "_PctRespBest_" : "0",
      "_Gain_" : "0.362179487179",
      "_CumLift_" : "1.36217948718",
      "_CumPctRespBest_" : "30.7692307692",
      "_Value_" : "0.127703301575",
      "_Event_" : "1",
      "_NEvents_" : "1.5",
      "_PctResp_" : "12.5",
      "_LiftBest_" : "0",
      "_PartInd_" : "2",
      "_Resp_" : "3.125",
      "_GainBest_" : "0.538461538462"
    },
    "rowNumber" : 56,
    "header" : null
  }, {
    "dataMap" : {
      "_CumLiftBest_" : "1.42857142857",
      "_NObs_" : "12",
      "_Depth_" : "70",
      "_CumRespBest_" : "100",
      "_formattedPartition_" : "           2",
      "_Column_" : "P_BAD1",
      "_Lift_" : "0.625",
      "_RespBest_" : "0",
      "_CumPctResp_" : "26.1904761905",
      "_DataRole_" : "TEST",
      "_NEventsBest_" : "0",
      "_CumResp_" : "91.6666666667",
      "_PctRespBest_" : "0",
      "_Gain_" : "0.309523809524",
      "_CumLift_" : "1.30952380952",
      "_CumPctRespBest_" : "28.5714285714",
      "_Value_" : "0.125618920661",
      "_Event_" : "1",
      "_NEvents_" : "1.5",
      "_PctResp_" : "12.5",
      "_LiftBest_" : "0",
      "_PartInd_" : "2",
      "_Resp_" : "3.125",
      "_GainBest_" : "0.428571428571"
    },
    "rowNumber" : 57,
    "header" : null
  }, {
    "dataMap" : {
      "_CumLiftBest_" : "1.33333333333",
      "_NObs_" : "12",
      "_Depth_" : "75",
      "_CumRespBest_" : "100",
      "_formattedPartition_" : "           2",
      "_Column_" : "P_BAD1",
      "_Lift_" : "0.833333333333",
      "_RespBest_" : "0",
      "_CumPctResp_" : "25.5555555556",
      "_DataRole_" : "TEST",
      "_NEventsBest_" : "0",
      "_CumResp_" : "95.8333333333",
      "_PctRespBest_" : "0",
      "_Gain_" : "0.277777777778",
      "_CumLift_" : "1.27777777778",
      "_CumPctRespBest_" : "26.6666666667",
      "_Value_" : "0.114637948088",
      "_Event_" : "1",
      "_NEvents_" : "2",
      "_PctResp_" : "16.6666666667",
      "_LiftBest_" : "0",
      "_PartInd_" : "2",
      "_Resp_" : "4.16666666667",
      "_GainBest_" : "0.333333333333"
    },
    "rowNumber" : 58,
    "header" : null
  }, {
    "dataMap" : {
      "_CumLiftBest_" : "1.25",
      "_NObs_" : "12",
      "_Depth_" : "80",
      "_CumRespBest_" : "100",
      "_formattedPartition_" : "           2",
      "_Column_" : "P_BAD1",
      "_Lift_" : "0.416666666667",
      "_RespBest_" : "0",
      "_CumPctResp_" : "24.4791666667",
      "_DataRole_" : "TEST",
      "_NEventsBest_" : "0",
      "_CumResp_" : "97.9166666667",
      "_PctRespBest_" : "0",
      "_Gain_" : "0.223958333333",
      "_CumLift_" : "1.22395833333",
      "_CumPctRespBest_" : "25",
      "_Value_" : "0.102082044264",
      "_Event_" : "1",
      "_NEvents_" : "1",
      "_PctResp_" : "8.33333333333",
      "_LiftBest_" : "0",
      "_PartInd_" : "2",
      "_Resp_" : "2.08333333333",
      "_GainBest_" : "0.25"
    },
    "rowNumber" : 59,
    "header" : null
  }, {
    "dataMap" : {
      "_CumLiftBest_" : "1.17647058824",
      "_NObs_" : "12",
      "_Depth_" : "85",
      "_CumRespBest_" : "100",
      "_formattedPartition_" : "           2",
      "_Column_" : "P_BAD1",
      "_Lift_" : "0",
      "_RespBest_" : "0",
      "_CumPctResp_" : "23.0392156863",
      "_DataRole_" : "TEST",
      "_NEventsBest_" : "0",
      "_CumResp_" : "97.9166666667",
      "_PctRespBest_" : "0",
      "_Gain_" : "0.151960784314",
      "_CumLift_" : "1.15196078431",
      "_CumPctRespBest_" : "23.5294117647",
      "_Value_" : "0.0850276192498",
      "_Event_" : "1",
      "_NEvents_" : "0",
      "_PctResp_" : "0",
      "_LiftBest_" : "0",
      "_PartInd_" : "2",
      "_Resp_" : "0",
      "_GainBest_" : "0.176470588235"
    },
    "rowNumber" : 60,
    "header" : null
  }, {
    "dataMap" : {
      "_CumLiftBest_" : "1.11111111111",
      "_NObs_" : "12",
      "_Depth_" : "90",
      "_CumRespBest_" : "100",
      "_formattedPartition_" : "           2",
      "_Column_" : "P_BAD1",
      "_Lift_" : "0",
      "_RespBest_" : "0",
      "_CumPctResp_" : "21.7592592593",
      "_DataRole_" : "TEST",
      "_NEventsBest_" : "0",
      "_CumResp_" : "97.9166666667",
      "_PctRespBest_" : "0",
      "_Gain_" : "0.087962962963",
      "_CumLift_" : "1.08796296296",
      "_CumPctRespBest_" : "22.2222222222",
      "_Value_" : "0.0710106770309",
      "_Event_" : "1",
      "_NEvents_" : "0",
      "_PctResp_" : "0",
      "_LiftBest_" : "0",
      "_PartInd_" : "2",
      "_Resp_" : "0",
      "_GainBest_" : "0.111111111111"
    },
    "rowNumber" : 61,
    "header" : null
  }, {
    "dataMap" : {
      "_CumLiftBest_" : "1.05263157895",
      "_NObs_" : "12",
      "_Depth_" : "95",
      "_CumRespBest_" : "100",
      "_formattedPartition_" : "           2",
      "_Column_" : "P_BAD1",
      "_Lift_" : "0.416666666667",
      "_RespBest_" : "0",
      "_CumPctResp_" : "21.0526315789",
      "_DataRole_" : "TEST",
      "_NEventsBest_" : "0",
      "_CumResp_" : "100",
      "_PctRespBest_" : "0",
      "_Gain_" : "0.0526315789474",
      "_CumLift_" : "1.05263157895",
      "_CumPctRespBest_" : "21.0526315789",
      "_Value_" : "0.0600868911033",
      "_Event_" : "1",
      "_NEvents_" : "1",
      "_PctResp_" : "8.33333333333",
      "_LiftBest_" : "0",
      "_PartInd_" : "2",
      "_Resp_" : "2.08333333333",
      "_GainBest_" : "0.0526315789474"
    },
    "rowNumber" : 62,
    "header" : null
  }, {
    "dataMap" : {
      "_CumLiftBest_" : "1",
      "_NObs_" : "11",
      "_Depth_" : "100",
      "_CumRespBest_" : "100",
      "_formattedPartition_" : "           2",
      "_Column_" : "P_BAD1",
      "_Lift_" : "0",
      "_RespBest_" : "0",
      "_CumPctResp_" : "20.0836820084",
      "_DataRole_" : "TEST",
      "_NEventsBest_" : "0",
      "_CumResp_" : "100",
      "_PctRespBest_" : "0",
      "_Gain_" : "0",
      "_CumLift_" : "1",
      "_CumPctRespBest_" : "20.0836820084",
      "_Value_" : "0.006174213557",
      "_Event_" : "1",
      "_NEvents_" : "0",
      "_PctResp_" : "0",
      "_LiftBest_" : "0",
      "_PartInd_" : "2",
      "_Resp_" : "0",
      "_GainBest_" : "0"
    },
    "rowNumber" : 63,
    "header" : null
  } ],
  "version" : 1,
  "xInteger" : false,
  "yInteger" : false
}