{
   "creationTimeStamp": "2024-03-29T17:36:16.828Z",
   "createdBy": "edmdev",
   "modifiedTimeStamp": "2024-03-29T17:36:19.478Z",
   "modifiedBy": "edmdev",
   "id": "8fd94fd1-9313-4614-9d36-2de29a8d072a",
   "name": "Auto_Model_1711733775.zip",
   "description": "Decision Tree",
   "scoreCodeType": "dataStep",
   "algorithm": "tree",
   "function": "classification",
   "modeler": "sasdemo",
   "modelType": "dataStep",
   "trainTable": "/dataTables/dataSources/cas~fs~cas-shared-default~fs~Public/tables/HMEQ_TRAIN",
   "eventProbVar": "EM_EVENTPROBABILITY",
   "targetVariable": "BAD",
   "targetEvent": "1",
   "targetLevel": "binary",
   "tool": "Model Studio",
   "toolVersion": "8.3",
   "externalModelId": "0895f86a-dff5-4b5e-ab40-f7a53f476979",
   "modelVersionName": "1.0",
   "custom properties": []
}