{
  "creationTimeStamp" : "0001-01-01T00:00:00Z",
  "modifiedTimeStamp" : "0001-01-01T00:00:00Z",
  "revision" : 0,
  "name" : "dmcas_fitstat",
  "version" : 0,
  "order" : 0,
  "parameterMap" : {
    "_ASE_" : {
      "label" : "Average Squared Error",
      "length" : 8,
      "order" : 6,
      "parameter" : "_ASE_",
      "preformatted" : false,
      "type" : "num",
      "values" : [ "_ASE_" ]
    },
    "_C_" : {
      "label" : "Area Under ROC",
      "length" : 8,
      "order" : 12,
      "parameter" : "_C_",
      "preformatted" : false,
      "type" : "num",
      "values" : [ "_C_" ]
    },
    "_DIV_" : {
      "label" : "Divisor for ASE",
      "length" : 8,
      "order" : 7,
      "parameter" : "_DIV_",
      "preformatted" : false,
      "type" : "num",
      "values" : [ "_DIV_" ]
    },
    "_DataRole_" : {
      "label" : "Data Role",
      "length" : 10,
      "order" : 2,
      "parameter" : "_DataRole_",
      "preformatted" : false,
      "type" : "char",
      "values" : [ "_DataRole_" ]
    },
    "_GAMMA_" : {
      "label" : "Gamma",
      "length" : 8,
      "order" : 14,
      "parameter" : "_GAMMA_",
      "preformatted" : false,
      "type" : "num",
      "values" : [ "_GAMMA_" ]
    },
    "_GINI_" : {
      "label" : "Gini Coefficient",
      "length" : 8,
      "order" : 13,
      "parameter" : "_GINI_",
      "preformatted" : false,
      "type" : "num",
      "values" : [ "_GINI_" ]
    },
    "_KSCut_" : {
      "label" : "KS Cutoff",
      "length" : 8,
      "order" : 16,
      "parameter" : "_KSCut_",
      "preformatted" : false,
      "type" : "num",
      "values" : [ "_KSCut_" ]
    },
    "_KSPostCutoff_" : {
      "label" : "KS at User-Specified Cutoff",
      "length" : 8,
      "order" : 17,
      "parameter" : "_KSPostCutoff_",
      "preformatted" : false,
      "type" : "num",
      "values" : [ "_KSPostCutoff_" ]
    },
    "_KS_" : {
      "label" : "KS (Youden)",
      "length" : 8,
      "order" : 11,
      "parameter" : "_KS_",
      "preformatted" : false,
      "type" : "num",
      "values" : [ "_KS_" ]
    },
    "_MCE_" : {
      "label" : "Misclassification Rate",
      "length" : 8,
      "order" : 9,
      "parameter" : "_MCE_",
      "preformatted" : false,
      "type" : "num",
      "values" : [ "_MCE_" ]
    },
    "_MCLL_" : {
      "label" : "Multi-Class Log Loss",
      "length" : 8,
      "order" : 10,
      "parameter" : "_MCLL_",
      "preformatted" : false,
      "type" : "num",
      "values" : [ "_MCLL_" ]
    },
    "_NObs_" : {
      "label" : "Number of Observations",
      "length" : 8,
      "order" : 5,
      "parameter" : "_NObs_",
      "preformatted" : false,
      "type" : "num",
      "values" : [ "_NObs_" ]
    },
    "_PartInd_" : {
      "label" : "Partition Indicator",
      "length" : 8,
      "order" : 3,
      "parameter" : "_PartInd_",
      "preformatted" : false,
      "type" : "num",
      "values" : [ "_PartInd_" ]
    },
    "_RASE_" : {
      "label" : "Root Average Squared Error",
      "length" : 8,
      "order" : 8,
      "parameter" : "_RASE_",
      "preformatted" : false,
      "type" : "num",
      "values" : [ "_RASE_" ]
    },
    "_TAU_" : {
      "label" : "Tau",
      "length" : 8,
      "order" : 15,
      "parameter" : "_TAU_",
      "preformatted" : false,
      "type" : "num",
      "values" : [ "_TAU_" ]
    },
    "_TargetName_" : {
      "label" : "Target Name",
      "length" : 3,
      "order" : 1,
      "parameter" : "_TargetName_",
      "preformatted" : false,
      "type" : "char",
      "values" : [ "_TargetName_" ]
    },
    "_formattedPartition_" : {
      "label" : "Formatted Partition",
      "length" : 12,
      "order" : 4,
      "parameter" : "_formattedPartition_",
      "preformatted" : false,
      "type" : "char",
      "values" : [ "_formattedPartition_" ]
    },
    "_miscEvent_" : {
      "label" : "Misclassification Rate (Event)",
      "length" : 8,
      "order" : 19,
      "parameter" : "_miscEvent_",
      "preformatted" : false,
      "type" : "num",
      "values" : [ "_miscEvent_" ]
    },
    "_miscKs_" : {
      "label" : "Misclassification Rate at KS Cutoff (Event)",
      "length" : 8,
      "order" : 18,
      "parameter" : "_miscKs_",
      "preformatted" : false,
      "type" : "num",
      "values" : [ "_miscKs_" ]
    }
  },
  "data" : [ {
    "dataMap" : {
      "_ASE_" : "0.0948121460887",
      "_C_" : "0.899269197208",
      "_DIV_" : "239",
      "_DataRole_" : "TEST",
      "_GAMMA_" : "0.806366339905",
      "_GINI_" : "0.798538394415",
      "_KSCut_" : "0.18",
      "_KSPostCutoff_" : "0.4321553229",
      "_KS_" : "0.644960732984",
      "_MCE_" : "0.129707112971",
      "_MCLL_" : "0.30636882822",
      "_NObs_" : "239",
      "_PartInd_" : "2",
      "_RASE_" : "0.307915810066",
      "_TAU_" : "0.257410077002",
      "_TargetName_" : "BAD",
      "_formattedPartition_" : "           2",
      "_miscEvent_" : "0.129707113",
      "_miscKs_" : "0.1715481172"
    },
    "rowNumber" : 1
  }, {
    "dataMap" : {
      "_ASE_" : "0.107509810975",
      "_C_" : "0.847148930945",
      "_DIV_" : "1428",
      "_DataRole_" : "TRAIN",
      "_GAMMA_" : "0.702811294899",
      "_GINI_" : "0.69429786189",
      "_KSCut_" : "0.15",
      "_KSPostCutoff_" : "0.3851821154",
      "_KS_" : "0.527862964498",
      "_MCE_" : "0.144257703081",
      "_MCLL_" : "0.349247558107",
      "_NObs_" : "1428",
      "_PartInd_" : "1",
      "_RASE_" : "0.327886887471",
      "_TAU_" : "0.221980453008",
      "_TargetName_" : "BAD",
      "_formattedPartition_" : "           1",
      "_miscEvent_" : "0.1442577031",
      "_miscKs_" : "0.2471988796"
    },
    "rowNumber" : 2
  }, {
    "dataMap" : {
      "_ASE_" : "0.135167537077",
      "_C_" : "0.778250646026",
      "_DIV_" : "714",
      "_DataRole_" : "VALIDATE",
      "_GAMMA_" : "0.565582136367",
      "_GINI_" : "0.556501292053",
      "_KSCut_" : "0.12",
      "_KSPostCutoff_" : "0.2481476492",
      "_KS_" : "0.450454974098",
      "_MCE_" : "0.186274509804",
      "_MCLL_" : "0.427750249936",
      "_NObs_" : "714",
      "_PartInd_" : "0",
      "_RASE_" : "0.367651379811",
      "_TAU_" : "0.178517409769",
      "_TargetName_" : "BAD",
      "_formattedPartition_" : "           0",
      "_miscEvent_" : "0.1862745098",
      "_miscKs_" : "0.3137254902"
    },
    "rowNumber" : 3
  } ],
  "xInteger" : false,
  "yInteger" : false
}