{
   "creationTimeStamp": "2024-04-01T20:00:37.641Z",
   "createdBy": "edmdev",
   "modifiedTimeStamp": "2024-04-01T20:00:42.666Z",
   "modifiedBy": "edmdev",
   "id": "1e2ca687-47bb-47f2-943b-cc602a094e8f",
   "name": "Auto_Model_1712001622.zip",
   "description": "automation upload",
   "scoreCodeType": "ds2MultiType",
   "algorithm": "bnet",
   "function": "classification",
   "modeler": "edmdev",
   "modelType": "astore",
   "trainTable": "/dataTables/dataSources/cas~fs~cas-shared-default~fs~Public/tables/HMEQ_TRAIN",
   "eventProbVar": "P_BAD1",
   "targetVariable": "BAD",
   "targetEvent": "1",
   "targetLevel": "binary",
   "tool": "Model Studio",
   "toolVersion": "V2023.03",
   "externalModelId": "41e1c74b-834a-4f41-acc1-ddcaf56fb809",
   "modelVersionName": "1.0",
   "custom properties": []
}