{
   "creationTimeStamp": "2024-03-29T19:10:46.237Z",
   "createdBy": "edmdev",
   "modifiedTimeStamp": "2024-03-29T19:10:48.889Z",
   "modifiedBy": "edmdev",
   "id": "8bcd809a-66ea-45e9-82b9-3b5e1363a649",
   "name": "Auto_Model_1711739445.zip",
   "description": "Decision Tree",
   "scoreCodeType": "dataStep",
   "algorithm": "tree",
   "function": "classification",
   "modeler": "sasdemo",
   "modelType": "dataStep",
   "trainTable": "/dataTables/dataSources/cas~fs~cas-shared-default~fs~Public/tables/HMEQ_TRAIN",
   "eventProbVar": "EM_EVENTPROBABILITY",
   "targetVariable": "BAD",
   "targetEvent": "1",
   "targetLevel": "binary",
   "tool": "Model Studio",
   "toolVersion": "8.3",
   "externalModelId": "0895f86a-dff5-4b5e-ab40-f7a53f476979",
   "modelVersionName": "1.0",
   "custom properties": []
}