{
  "SASJSONExport" : "1.0 FMTCHARACTER",
  "SASTableData+ARGUMENTS" : [ {
    "name" : "CLAGE",
    "order" : 1,
    "argtype" : "INPUT",
    "type" : "N",
    "vartype" : "double",
    "format" : "",
    "length" : 8
  }, {
    "name" : "CLNO",
    "order" : 2,
    "argtype" : "INPUT",
    "type" : "N",
    "vartype" : "double",
    "format" : "",
    "length" : 8
  }, {
    "name" : "DEBTINC",
    "order" : 3,
    "argtype" : "INPUT",
    "type" : "N",
    "vartype" : "double",
    "format" : "",
    "length" : 8
  }, {
    "name" : "DELINQ",
    "order" : 4,
    "argtype" : "INPUT",
    "type" : "N",
    "vartype" : "double",
    "format" : "",
    "length" : 8
  }, {
    "name" : "DEROG",
    "order" : 5,
    "argtype" : "INPUT",
    "type" : "N",
    "vartype" : "double",
    "format" : "",
    "length" : 8
  }, {
    "name" : "JOB",
    "order" : 6,
    "argtype" : "INPUT",
    "type" : "C",
    "vartype" : "char",
    "format" : "",
    "length" : 7
  }, {
    "name" : "LOAN",
    "order" : 7,
    "argtype" : "INPUT",
    "type" : "N",
    "vartype" : "double",
    "format" : "",
    "length" : 8
  }, {
    "name" : "MORTDUE",
    "order" : 8,
    "argtype" : "INPUT",
    "type" : "N",
    "vartype" : "double",
    "format" : "",
    "length" : 8
  }, {
    "name" : "NINQ",
    "order" : 9,
    "argtype" : "INPUT",
    "type" : "N",
    "vartype" : "double",
    "format" : "",
    "length" : 8
  }, {
    "name" : "REASON",
    "order" : 10,
    "argtype" : "INPUT",
    "type" : "C",
    "vartype" : "char",
    "format" : "",
    "length" : 7
  }, {
    "name" : "VALUE",
    "order" : 11,
    "argtype" : "INPUT",
    "type" : "N",
    "vartype" : "double",
    "format" : "",
    "length" : 8
  }, {
    "name" : "YOJ",
    "order" : 12,
    "argtype" : "INPUT",
    "type" : "N",
    "vartype" : "double",
    "format" : "",
    "length" : 8
  }, {
    "name" : "EM_CLASSIFICATION",
    "order" : 13,
    "argtype" : "INPUT_OUTPUT",
    "type" : "C",
    "vartype" : "char",
    "format" : "",
    "length" : 12
  }, {
    "name" : "EM_EVENTPROBABILITY",
    "order" : 14,
    "argtype" : "INPUT_OUTPUT",
    "type" : "N",
    "vartype" : "double",
    "format" : "",
    "length" : 8
  }, {
    "name" : "EM_PROBABILITY",
    "order" : 15,
    "argtype" : "INPUT_OUTPUT",
    "type" : "N",
    "vartype" : "double",
    "format" : "",
    "length" : 8
  }, {
    "name" : "IMP_CLAGE",
    "order" : 16,
    "argtype" : "INPUT_OUTPUT",
    "type" : "N",
    "vartype" : "double",
    "format" : "",
    "length" : 8
  }, {
    "name" : "IMP_CLNO",
    "order" : 17,
    "argtype" : "INPUT_OUTPUT",
    "type" : "N",
    "vartype" : "double",
    "format" : "",
    "length" : 8
  }, {
    "name" : "IMP_DEBTINC",
    "order" : 18,
    "argtype" : "INPUT_OUTPUT",
    "type" : "N",
    "vartype" : "double",
    "format" : "",
    "length" : 8
  }, {
    "name" : "IMP_DELINQ",
    "order" : 19,
    "argtype" : "INPUT_OUTPUT",
    "type" : "N",
    "vartype" : "double",
    "format" : "",
    "length" : 8
  }, {
    "name" : "IMP_DEROG",
    "order" : 20,
    "argtype" : "INPUT_OUTPUT",
    "type" : "N",
    "vartype" : "double",
    "format" : "",
    "length" : 8
  }, {
    "name" : "IMP_JOB",
    "order" : 21,
    "argtype" : "INPUT_OUTPUT",
    "type" : "C",
    "vartype" : "char",
    "format" : "",
    "length" : 7
  }, {
    "name" : "IMP_MORTDUE",
    "order" : 22,
    "argtype" : "INPUT_OUTPUT",
    "type" : "N",
    "vartype" : "double",
    "format" : "",
    "length" : 8
  }, {
    "name" : "IMP_NINQ",
    "order" : 23,
    "argtype" : "INPUT_OUTPUT",
    "type" : "N",
    "vartype" : "double",
    "format" : "",
    "length" : 8
  }, {
    "name" : "IMP_REASON",
    "order" : 24,
    "argtype" : "INPUT_OUTPUT",
    "type" : "C",
    "vartype" : "char",
    "format" : "",
    "length" : 7
  }, {
    "name" : "IMP_VALUE",
    "order" : 25,
    "argtype" : "INPUT_OUTPUT",
    "type" : "N",
    "vartype" : "double",
    "format" : "",
    "length" : 8
  }, {
    "name" : "IMP_YOJ",
    "order" : 26,
    "argtype" : "INPUT_OUTPUT",
    "type" : "N",
    "vartype" : "double",
    "format" : "",
    "length" : 8
  }, {
    "name" : "I_BAD",
    "order" : 27,
    "argtype" : "INPUT_OUTPUT",
    "type" : "C",
    "vartype" : "char",
    "format" : "",
    "length" : 12
  }, {
    "name" : "P_BAD0",
    "order" : 28,
    "argtype" : "INPUT_OUTPUT",
    "type" : "N",
    "vartype" : "double",
    "format" : "",
    "length" : 8
  }, {
    "name" : "P_BAD1",
    "order" : 29,
    "argtype" : "INPUT_OUTPUT",
    "type" : "N",
    "vartype" : "double",
    "format" : "",
    "length" : 8
  }, {
    "name" : "_P_",
    "order" : 30,
    "argtype" : "INPUT_OUTPUT",
    "type" : "N",
    "vartype" : "double",
    "format" : "",
    "length" : 8
  }, {
    "name" : "_WARN_",
    "order" : 31,
    "argtype" : "INPUT_OUTPUT",
    "type" : "C",
    "vartype" : "char",
    "format" : "",
    "length" : 4
  } ]
}