{
  "creationTimeStamp" : "0001-01-01T00:00:00Z",
  "modifiedTimeStamp" : "0001-01-01T00:00:00Z",
  "revision" : 0,
  "name" : "dmcas_relativeimportance",
  "version" : 0,
  "order" : 0,
  "parameterMap" : {
    "LABEL" : {
      "label" : "Variable Label",
      "length" : 256,
      "order" : 1,
      "parameter" : "LABEL",
      "preformatted" : false,
      "type" : "char",
      "values" : [ "LABEL" ]
    },
    "LEVEL" : {
      "label" : "Variable Level",
      "length" : 10,
      "order" : 5,
      "parameter" : "LEVEL",
      "preformatted" : false,
      "type" : "char",
      "values" : [ "LEVEL" ]
    },
    "ROLE" : {
      "label" : "Role",
      "length" : 32,
      "order" : 4,
      "parameter" : "ROLE",
      "preformatted" : false,
      "type" : "char",
      "values" : [ "ROLE" ]
    },
    "RelativeImportance" : {
      "label" : "Relative Importance",
      "length" : 8,
      "order" : 3,
      "parameter" : "RelativeImportance",
      "preformatted" : false,
      "type" : "num",
      "values" : [ "RelativeImportance" ]
    },
    "Variable" : {
      "label" : "Variable Name",
      "length" : 255,
      "order" : 2,
      "parameter" : "Variable",
      "preformatted" : false,
      "type" : "char",
      "values" : [ "Variable" ]
    }
  },
  "data" : [ {
    "dataMap" : {
      "LABEL" : "Imputed DEROG",
      "LEVEL" : "NOMINAL",
      "ROLE" : "INPUT",
      "RelativeImportance" : "1",
      "Variable" : "IMP_DEROG"
    },
    "rowNumber" : 1
  }, {
    "dataMap" : {
      "LABEL" : "Imputed DELINQ",
      "LEVEL" : "NOMINAL",
      "ROLE" : "INPUT",
      "RelativeImportance" : "0.790607731767",
      "Variable" : "IMP_DELINQ"
    },
    "rowNumber" : 2
  }, {
    "dataMap" : {
      "LABEL" : "Imputed DEBTINC",
      "LEVEL" : "INTERVAL",
      "ROLE" : "INPUT",
      "RelativeImportance" : "0.476122963265",
      "Variable" : "IMP_DEBTINC"
    },
    "rowNumber" : 3
  }, {
    "dataMap" : {
      "LABEL" : "Imputed NINQ",
      "LEVEL" : "NOMINAL",
      "ROLE" : "INPUT",
      "RelativeImportance" : "0.38780127196",
      "Variable" : "IMP_NINQ"
    },
    "rowNumber" : 4
  }, {
    "dataMap" : {
      "LABEL" : "Imputed CLNO",
      "LEVEL" : "INTERVAL",
      "ROLE" : "INPUT",
      "RelativeImportance" : "0.153629226905",
      "Variable" : "IMP_CLNO"
    },
    "rowNumber" : 5
  }, {
    "dataMap" : {
      "LABEL" : "",
      "LEVEL" : "INTERVAL",
      "ROLE" : "INPUT",
      "RelativeImportance" : "0.126552923616",
      "Variable" : "LOAN"
    },
    "rowNumber" : 6
  }, {
    "dataMap" : {
      "LABEL" : "Imputed MORTDUE",
      "LEVEL" : "INTERVAL",
      "ROLE" : "INPUT",
      "RelativeImportance" : "0.124342678404",
      "Variable" : "IMP_MORTDUE"
    },
    "rowNumber" : 7
  }, {
    "dataMap" : {
      "LABEL" : "Imputed CLAGE",
      "LEVEL" : "INTERVAL",
      "ROLE" : "INPUT",
      "RelativeImportance" : "0.0958309585908",
      "Variable" : "IMP_CLAGE"
    },
    "rowNumber" : 8
  }, {
    "dataMap" : {
      "LABEL" : "Imputed JOB",
      "LEVEL" : "NOMINAL",
      "ROLE" : "INPUT",
      "RelativeImportance" : "0.0320217175503",
      "Variable" : "IMP_JOB"
    },
    "rowNumber" : 9
  }, {
    "dataMap" : {
      "LABEL" : "Imputed REASON",
      "LEVEL" : "BINARY",
      "ROLE" : "INPUT",
      "RelativeImportance" : "0.00773734881165",
      "Variable" : "IMP_REASON"
    },
    "rowNumber" : 10
  }, {
    "dataMap" : {
      "LABEL" : "Imputed VALUE",
      "LEVEL" : "INTERVAL",
      "ROLE" : "INPUT",
      "RelativeImportance" : "0",
      "Variable" : "IMP_VALUE"
    },
    "rowNumber" : 11
  }, {
    "dataMap" : {
      "LABEL" : "Imputed YOJ",
      "LEVEL" : "INTERVAL",
      "ROLE" : "INPUT",
      "RelativeImportance" : "0",
      "Variable" : "IMP_YOJ"
    },
    "rowNumber" : 12
  } ],
  "xInteger" : false,
  "yInteger" : false
}