{
  "creationTimeStamp" : "0001-01-01T00:00:00Z",
  "modifiedTimeStamp" : "0001-01-01T00:00:00Z",
  "revision" : 0,
  "name" : "dmcas_miscTable",
  "version" : 0,
  "order" : 0,
  "parameterMap" : {
    "_Cutoff_" : {
      "label" : "Cutoff",
      "length" : 8,
      "order" : 1,
      "parameter" : "_Cutoff_",
      "preformatted" : false,
      "type" : "num",
      "values" : [ "_Cutoff_" ]
    },
    "_Event_" : {
      "label" : "Event",
      "length" : 256,
      "order" : 5,
      "parameter" : "_Event_",
      "preformatted" : false,
      "type" : "char",
      "values" : [ "_Event_" ]
    },
    "_Response_" : {
      "label" : "Response",
      "length" : 10,
      "order" : 4,
      "parameter" : "_Response_",
      "preformatted" : false,
      "type" : "char",
      "values" : [ "_Response_" ]
    },
    "_TestCount_" : {
      "label" : "Test Frequency",
      "length" : 8,
      "order" : 9,
      "parameter" : "_TestCount_",
      "preformatted" : false,
      "type" : "num",
      "values" : [ "_TestCount_" ]
    },
    "_TestPct_" : {
      "label" : "Test Percentage",
      "length" : 8,
      "order" : 12,
      "parameter" : "_TestPct_",
      "preformatted" : false,
      "type" : "num",
      "values" : [ "_TestPct_" ]
    },
    "_TrainCount_" : {
      "label" : "Training Frequency",
      "length" : 8,
      "order" : 7,
      "parameter" : "_TrainCount_",
      "preformatted" : false,
      "type" : "num",
      "values" : [ "_TrainCount_" ]
    },
    "_TrainPct_" : {
      "label" : "Training Percentage",
      "length" : 8,
      "order" : 10,
      "parameter" : "_TrainPct_",
      "preformatted" : false,
      "type" : "num",
      "values" : [ "_TrainPct_" ]
    },
    "_ValidateCount_" : {
      "label" : "Validation Frequency",
      "length" : 8,
      "order" : 8,
      "parameter" : "_ValidateCount_",
      "preformatted" : false,
      "type" : "num",
      "values" : [ "_ValidateCount_" ]
    },
    "_ValidatePct_" : {
      "label" : "Validation Percentage",
      "length" : 8,
      "order" : 11,
      "parameter" : "_ValidatePct_",
      "preformatted" : false,
      "type" : "num",
      "values" : [ "_ValidatePct_" ]
    },
    "_Value_" : {
      "label" : "Value",
      "length" : 16,
      "order" : 6,
      "parameter" : "_Value_",
      "preformatted" : false,
      "type" : "char",
      "values" : [ "_Value_" ]
    },
    "_cutoffSource_" : {
      "label" : "Cutoff Source",
      "length" : 8,
      "order" : 2,
      "parameter" : "_cutoffSource_",
      "preformatted" : false,
      "type" : "char",
      "values" : [ "_cutoffSource_" ]
    },
    "_targetName_" : {
      "label" : "Target Name",
      "length" : 256,
      "order" : 3,
      "parameter" : "_targetName_",
      "preformatted" : false,
      "type" : "char",
      "values" : [ "_targetName_" ]
    }
  },
  "data" : [ {
    "dataMap" : {
      "_Cutoff_" : "0.12",
      "_Event_" : "           1",
      "_Response_" : "CORRECT",
      "_ValidateCount_" : "113",
      "_ValidatePct_" : "79.020979021",
      "_Value_" : "True Positive",
      "_cutoffSource_" : "KS",
      "_targetName_" : "BAD"
    },
    "rowNumber" : 1
  }, {
    "dataMap" : {
      "_Cutoff_" : "0.12",
      "_Event_" : "           1",
      "_Response_" : "INCORRECT",
      "_ValidateCount_" : "30",
      "_ValidatePct_" : "20.979020979",
      "_Value_" : "False Negative",
      "_cutoffSource_" : "KS",
      "_targetName_" : "BAD"
    },
    "rowNumber" : 2
  }, {
    "dataMap" : {
      "_Cutoff_" : "0.12",
      "_Event_" : "           0",
      "_Response_" : "CORRECT",
      "_ValidateCount_" : "377",
      "_ValidatePct_" : "66.0245183888",
      "_Value_" : "True Negative",
      "_cutoffSource_" : "KS",
      "_targetName_" : "BAD"
    },
    "rowNumber" : 3
  }, {
    "dataMap" : {
      "_Cutoff_" : "0.12",
      "_Event_" : "           0",
      "_Response_" : "INCORRECT",
      "_ValidateCount_" : "194",
      "_ValidatePct_" : "33.9754816112",
      "_Value_" : "False Positive",
      "_cutoffSource_" : "KS",
      "_targetName_" : "BAD"
    },
    "rowNumber" : 4
  }, {
    "dataMap" : {
      "_Cutoff_" : "0.15",
      "_Event_" : "           1",
      "_Response_" : "CORRECT",
      "_TrainCount_" : "223",
      "_TrainPct_" : "78.2456140351",
      "_Value_" : "True Positive",
      "_cutoffSource_" : "KS",
      "_targetName_" : "BAD"
    },
    "rowNumber" : 5
  }, {
    "dataMap" : {
      "_Cutoff_" : "0.15",
      "_Event_" : "           1",
      "_Response_" : "INCORRECT",
      "_TrainCount_" : "62",
      "_TrainPct_" : "21.7543859649",
      "_Value_" : "False Negative",
      "_cutoffSource_" : "KS",
      "_targetName_" : "BAD"
    },
    "rowNumber" : 6
  }, {
    "dataMap" : {
      "_Cutoff_" : "0.15",
      "_Event_" : "           0",
      "_Response_" : "CORRECT",
      "_TrainCount_" : "852",
      "_TrainPct_" : "74.5406824147",
      "_Value_" : "True Negative",
      "_cutoffSource_" : "KS",
      "_targetName_" : "BAD"
    },
    "rowNumber" : 7
  }, {
    "dataMap" : {
      "_Cutoff_" : "0.15",
      "_Event_" : "           0",
      "_Response_" : "INCORRECT",
      "_TrainCount_" : "291",
      "_TrainPct_" : "25.4593175853",
      "_Value_" : "False Positive",
      "_cutoffSource_" : "KS",
      "_targetName_" : "BAD"
    },
    "rowNumber" : 8
  }, {
    "dataMap" : {
      "_Cutoff_" : "0.18",
      "_Event_" : "           1",
      "_Response_" : "CORRECT",
      "_TestCount_" : "39",
      "_TestPct_" : "81.25",
      "_Value_" : "True Positive",
      "_cutoffSource_" : "KS",
      "_targetName_" : "BAD"
    },
    "rowNumber" : 9
  }, {
    "dataMap" : {
      "_Cutoff_" : "0.18",
      "_Event_" : "           1",
      "_Response_" : "INCORRECT",
      "_TestCount_" : "9",
      "_TestPct_" : "18.75",
      "_Value_" : "False Negative",
      "_cutoffSource_" : "KS",
      "_targetName_" : "BAD"
    },
    "rowNumber" : 10
  }, {
    "dataMap" : {
      "_Cutoff_" : "0.18",
      "_Event_" : "           0",
      "_Response_" : "CORRECT",
      "_TestCount_" : "159",
      "_TestPct_" : "83.2460732984",
      "_Value_" : "True Negative",
      "_cutoffSource_" : "KS",
      "_targetName_" : "BAD"
    },
    "rowNumber" : 11
  }, {
    "dataMap" : {
      "_Cutoff_" : "0.18",
      "_Event_" : "           0",
      "_Response_" : "INCORRECT",
      "_TestCount_" : "32",
      "_TestPct_" : "16.7539267016",
      "_Value_" : "False Positive",
      "_cutoffSource_" : "KS",
      "_targetName_" : "BAD"
    },
    "rowNumber" : 12
  }, {
    "dataMap" : {
      "_Cutoff_" : "0.5",
      "_Event_" : "           1",
      "_Response_" : "CORRECT",
      "_TestCount_" : "22",
      "_TestPct_" : "45.8333333333",
      "_TrainCount_" : "120",
      "_TrainPct_" : "42.1052631579",
      "_ValidateCount_" : "44",
      "_ValidatePct_" : "30.7692307692",
      "_Value_" : "True Positive",
      "_cutoffSource_" : "Default",
      "_targetName_" : "BAD"
    },
    "rowNumber" : 13
  }, {
    "dataMap" : {
      "_Cutoff_" : "0.5",
      "_Event_" : "           1",
      "_Response_" : "INCORRECT",
      "_TestCount_" : "26",
      "_TestPct_" : "54.1666666667",
      "_TrainCount_" : "165",
      "_TrainPct_" : "57.8947368421",
      "_ValidateCount_" : "99",
      "_ValidatePct_" : "69.2307692308",
      "_Value_" : "False Negative",
      "_cutoffSource_" : "Default",
      "_targetName_" : "BAD"
    },
    "rowNumber" : 14
  }, {
    "dataMap" : {
      "_Cutoff_" : "0.5",
      "_Event_" : "           0",
      "_Response_" : "CORRECT",
      "_TestCount_" : "186",
      "_TestPct_" : "97.3821989529",
      "_TrainCount_" : "1102",
      "_TrainPct_" : "96.4129483815",
      "_ValidateCount_" : "537",
      "_ValidatePct_" : "94.0455341506",
      "_Value_" : "True Negative",
      "_cutoffSource_" : "Default",
      "_targetName_" : "BAD"
    },
    "rowNumber" : 15
  }, {
    "dataMap" : {
      "_Cutoff_" : "0.5",
      "_Event_" : "           0",
      "_Response_" : "INCORRECT",
      "_TestCount_" : "5",
      "_TestPct_" : "2.61780104712",
      "_TrainCount_" : "41",
      "_TrainPct_" : "3.58705161855",
      "_ValidateCount_" : "34",
      "_ValidatePct_" : "5.95446584939",
      "_Value_" : "False Positive",
      "_cutoffSource_" : "Default",
      "_targetName_" : "BAD"
    },
    "rowNumber" : 16
  } ],
  "xInteger" : false,
  "yInteger" : false
}