{
   "creationTimeStamp": "2024-04-03T20:27:15.662Z",
   "createdBy": "edmdev",
   "modifiedTimeStamp": "2024-04-03T20:27:19.588Z",
   "modifiedBy": "edmdev",
   "id": "477639b3-2bf8-4ccd-8980-a3b3d0f9714e",
   "name": "Auto_Model_1712176018.zip",
   "description": "automation upload",
   "scoreCodeType": "ds2MultiType",
   "algorithm": "bnet",
   "function": "classification",
   "modeler": "edmdev",
   "modelType": "astore",
   "trainTable": "/dataTables/dataSources/cas~fs~cas-shared-default~fs~Public/tables/HMEQ_TRAIN",
   "eventProbVar": "P_BAD1",
   "targetVariable": "BAD",
   "targetEvent": "1",
   "targetLevel": "binary",
   "tool": "Model Studio",
   "toolVersion": "V2023.03",
   "externalModelId": "41e1c74b-834a-4f41-acc1-ddcaf56fb809",
   "modelVersionName": "1.0",
   "custom properties": []
}