{
   "creationTimeStamp": "2024-03-29T17:34:15.213Z",
   "createdBy": "edmdev",
   "modifiedTimeStamp": "2024-03-29T17:34:18.136Z",
   "modifiedBy": "edmdev",
   "id": "3f0a6819-ca20-465e-920d-5a9ce2dbcad1",
   "name": "Auto_Model_1711733654.zip",
   "description": "Decision Tree",
   "scoreCodeType": "dataStep",
   "algorithm": "tree",
   "function": "classification",
   "modeler": "sasdemo",
   "modelType": "dataStep",
   "trainTable": "/dataTables/dataSources/cas~fs~cas-shared-default~fs~Public/tables/HMEQ_TRAIN",
   "eventProbVar": "EM_EVENTPROBABILITY",
   "targetVariable": "BAD",
   "targetEvent": "1",
   "targetLevel": "binary",
   "tool": "Model Studio",
   "toolVersion": "8.3",
   "externalModelId": "0895f86a-dff5-4b5e-ab40-f7a53f476979",
   "modelVersionName": "1.0",
   "custom properties": []
}