{
   "creationTimeStamp": "2024-02-20T21:56:23.106Z",
   "createdBy": "edmdev",
   "modifiedTimeStamp": "2024-02-20T21:57:23.213Z",
   "modifiedBy": "edmdev",
   "id": "0ac9e68b-04fd-4b7f-a575-ac4fa54ac0bb",
   "name": "QS_Reg1_EP_Template",
   "description": "Logistic Regression",
   "scoreCodeType": "dataStep",
   "algorithm": "logisticreg",
   "function": "classification",
   "modeler": "sasdemo",
   "modelType": "dataStep",
   "trainTable": "/dataTables/dataSources/cas~fs~cas-shared-default~fs~Public/tables/HMEQ_TRAIN",
   "eventProbVar": "EM_EVENTPROBABILITY",
   "targetVariable": "BAD",
   "targetEvent": "1",
   "targetLevel": "binary",
   "tool": "Model Studio",
   "toolVersion": "8.3",
   "publishTimeStamp": 1708466239529,
   "externalModelId": "407fbf89-7085-49c3-811a-7f5d912e4676",
   "modelVersionName": "2.0",
   "custom properties": []
}