{
   "creationTimeStamp": "2024-02-20T21:45:53.213Z",
   "createdBy": "edmdev",
   "modifiedTimeStamp": "2024-02-20T21:45:57.380Z",
   "modifiedBy": "edmdev",
   "id": "f517932c-82c6-4b3e-8789-57a0f7459cad",
   "name": "Decision Tree EP Template",
   "scoreCodeType": "ds2MultiType",
   "algorithm": "tree",
   "function": "classification",
   "modeler": "edmdev",
   "modelType": "astore",
   "trainTable": "/dataTables/dataSources/cas~fs~cas-shared-default~fs~Public/tables/HMEQ_Q1",
   "eventProbVar": "P_BAD1",
   "targetVariable": "BAD",
   "targetEvent": "1",
   "targetLevel": "binary",
   "tool": "Model Studio",
   "toolVersion": "V2022.10",
   "externalModelId": "856f1365-85c1-46fb-ade0-26190b46ac66",
   "modelVersionName": "1.0",
   "custom properties": []
}