[
	{
		"name": "_ZOQD53JHG6HBVD1FLPTCTDWEWV",
		"uri": "/dataTables/dataSources/cas~fs~cas-shared-default~fs~ModelStore/tables/_ZOQD53JHG6HBVD1FLPTCTDWEWV",
		"key": "58F2894E9C1C80D14548C0DC2D5C18F65911FE43",
		"caslib": "ModelStore",
		"location": "file:///models/astores/viya/_ZOQD53JHG6HBVD1FLPTCTDWEWV.astore",
		"host": "sas-compute-server-96b40323-1999-4fa6-8a28-9c07e14ddb4c-1324",
		"fullPath": "/opt/sas/viya/config/data/modelsvr/astore/_ZOQD53JHG6HBVD1FLPTCTDWEWV.astore",
		"state": "success"
	}
]