[
	{
		"name": "_ZOQD53JHG6HBVD1FLPTCTDWEWV",
		"uri": "/dataTables/dataSources/cas~fs~cas-shared-default~fs~ModelStore/tables/_ZOQD53JHG6HBVD1FLPTCTDWEWV",
		"key": "58F2894E9C1C80D14548C0DC2D5C18F65911FE43",
		"caslib": "ModelStore",
		"location": "file:///models/astores/viya/_ZOQD53JHG6HBVD1FLPTCTDWEWV.astore",
		"host": "sas-compute-server-d41fb92f-9376-4b5d-8e4b-5a8a356dc362-1331",
		"fullPath": "/opt/sas/viya/config/data/modelsvr/astore/_ZOQD53JHG6HBVD1FLPTCTDWEWV.astore",
		"state": "success"
	}
]