{
   "creationTimeStamp": "2024-02-23T21:52:06.635Z",
   "createdBy": "edmdev",
   "modifiedTimeStamp": "2024-02-23T21:52:06.635Z",
   "modifiedBy": "edmdev",
   "id": "7f44d642-2ff6-4dc5-951d-2b3112a10c5f",
   "name": "Decision Tree EP Azure",
   "scoreCodeType": "ds2MultiType",
   "algorithm": "tree",
   "function": "classification",
   "modeler": "edmdev",
   "modelType": "astore",
   "trainTable": "/dataTables/dataSources/cas~fs~cas-shared-default~fs~Public/tables/HMEQ_Q1",
   "eventProbVar": "P_BAD1",
   "targetVariable": "BAD",
   "targetEvent": "1",
   "targetLevel": "BINARY",
   "tool": "Model Studio",
   "toolVersion": "V2022.10",
   "publishTimeStamp": 1708725126328,
   "externalModelId": "856f1365-85c1-46fb-ade0-26190b46ac66",
   "modelVersionName": "1.0",
   "custom properties": []
}