{
   "creationTimeStamp": "2024-02-23T21:41:24.016Z",
   "createdBy": "edmdev",
   "modifiedTimeStamp": "2024-02-23T21:52:09.627Z",
   "modifiedBy": "edmdev",
   "id": "c9aa8248-e215-4e61-828d-8b3e8a6981b2",
   "name": "Decision Tree EP Azure",
   "scoreCodeType": "ds2MultiType",
   "algorithm": "tree",
   "function": "classification",
   "modeler": "edmdev",
   "modelType": "astore",
   "trainTable": "/dataTables/dataSources/cas~fs~cas-shared-default~fs~Public/tables/HMEQ_Q1",
   "eventProbVar": "P_BAD1",
   "targetVariable": "BAD",
   "targetEvent": "1",
   "targetLevel": "binary",
   "tool": "Model Studio",
   "toolVersion": "V2022.10",
   "publishTimeStamp": 1708725126328,
   "externalModelId": "856f1365-85c1-46fb-ade0-26190b46ac66",
   "modelVersionName": "2.0",
   "custom properties": []
}