{
   "creationTimeStamp": "2024-02-23T21:59:29.287Z",
   "createdBy": "edmdev",
   "modifiedTimeStamp": "2024-02-23T21:59:29.287Z",
   "modifiedBy": "edmdev",
   "id": "88330fdf-31c4-4f9a-840b-8a79d000619f",
   "name": "Decision Tree EP Azure",
   "scoreCodeType": "ds2MultiType",
   "algorithm": "tree",
   "function": "classification",
   "modeler": "edmdev",
   "modelType": "astore",
   "trainTable": "/dataTables/dataSources/cas~fs~cas-shared-default~fs~Public/tables/HMEQ_Q1",
   "eventProbVar": "P_BAD1",
   "targetVariable": "BAD",
   "targetEvent": "1",
   "targetLevel": "BINARY",
   "tool": "Model Studio",
   "toolVersion": "V2022.10",
   "externalModelId": "856f1365-85c1-46fb-ade0-26190b46ac66",
   "modelVersionName": "3.0",
   "custom properties": []
}