{
  "creationTimeStamp" : null,
  "modifiedTimeStamp" : null,
  "createdBy" : null,
  "modifiedBy" : null,
  "id" : null,
  "name" : "dmcas_lift",
  "description" : null,
  "revision" : 0,
  "order" : 0,
  "type" : null,
  "parameterMap" : {
    "_CumLiftBest_" : {
      "parameter" : "_CumLiftBest_",
      "type" : "num",
      "label" : "Best Cumulative Lift",
      "length" : 8,
      "order" : 18,
      "values" : [ "_CumLiftBest_" ],
      "preformatted" : false
    },
    "_NObs_" : {
      "parameter" : "_NObs_",
      "type" : "num",
      "label" : "Sum of Frequencies",
      "length" : 8,
      "order" : 8,
      "values" : [ "_NObs_" ],
      "preformatted" : false
    },
    "_Depth_" : {
      "parameter" : "_Depth_",
      "type" : "num",
      "label" : "Depth",
      "length" : 8,
      "order" : 6,
      "values" : [ "_Depth_" ],
      "preformatted" : false
    },
    "_CumRespBest_" : {
      "parameter" : "_CumRespBest_",
      "type" : "num",
      "label" : "Cumulative Best % Captured Response",
      "length" : 8,
      "order" : 16,
      "values" : [ "_CumRespBest_" ],
      "preformatted" : false
    },
    "_Column_" : {
      "parameter" : "_Column_",
      "type" : "char",
      "label" : "Analysis Variable",
      "length" : 6,
      "order" : 4,
      "values" : [ "_Column_" ],
      "preformatted" : false
    },
    "_Lift_" : {
      "parameter" : "_Lift_",
      "type" : "num",
      "label" : "Lift",
      "length" : 8,
      "order" : 13,
      "values" : [ "_Lift_" ],
      "preformatted" : false
    },
    "_RespBest_" : {
      "parameter" : "_RespBest_",
      "type" : "num",
      "label" : "Best % Captured Response",
      "length" : 8,
      "order" : 12,
      "values" : [ "_RespBest_" ],
      "preformatted" : false
    },
    "_CumPctResp_" : {
      "parameter" : "_CumPctResp_",
      "type" : "num",
      "label" : "Cumulative % Response",
      "length" : 8,
      "order" : 21,
      "values" : [ "_CumPctResp_" ],
      "preformatted" : false
    },
    "_DataRole_" : {
      "parameter" : "_DataRole_",
      "type" : "char",
      "label" : "Data Role",
      "length" : 10,
      "order" : 1,
      "values" : [ "_DataRole_" ],
      "preformatted" : false
    },
    "_NEventsBest_" : {
      "parameter" : "_NEventsBest_",
      "type" : "num",
      "label" : "Best Number of Events",
      "length" : 8,
      "order" : 10,
      "values" : [ "_NEventsBest_" ],
      "preformatted" : false
    },
    "_CumResp_" : {
      "parameter" : "_CumResp_",
      "type" : "num",
      "label" : "Cumulative % Captured Response",
      "length" : 8,
      "order" : 15,
      "values" : [ "_CumResp_" ],
      "preformatted" : false
    },
    "_PctRespBest_" : {
      "parameter" : "_PctRespBest_",
      "type" : "num",
      "label" : "Best % Response",
      "length" : 8,
      "order" : 20,
      "values" : [ "_PctRespBest_" ],
      "preformatted" : false
    },
    "_Gain_" : {
      "parameter" : "_Gain_",
      "type" : "num",
      "label" : "Gain",
      "length" : 8,
      "order" : 23,
      "values" : [ "_Gain_" ],
      "preformatted" : false
    },
    "_CumLift_" : {
      "parameter" : "_CumLift_",
      "type" : "num",
      "label" : "Cumulative Lift",
      "length" : 8,
      "order" : 17,
      "values" : [ "_CumLift_" ],
      "preformatted" : false
    },
    "_CumPctRespBest_" : {
      "parameter" : "_CumPctRespBest_",
      "type" : "num",
      "label" : "Cumulative Best % Response",
      "length" : 8,
      "order" : 22,
      "values" : [ "_CumPctRespBest_" ],
      "preformatted" : false
    },
    "_Value_" : {
      "parameter" : "_Value_",
      "type" : "num",
      "label" : "Value",
      "length" : 8,
      "order" : 7,
      "values" : [ "_Value_" ],
      "preformatted" : false
    },
    "_Event_" : {
      "parameter" : "_Event_",
      "type" : "char",
      "label" : "Event",
      "length" : 12,
      "order" : 5,
      "values" : [ "_Event_" ],
      "preformatted" : false
    },
    "_NEvents_" : {
      "parameter" : "_NEvents_",
      "type" : "num",
      "label" : "Number of Events",
      "length" : 8,
      "order" : 9,
      "values" : [ "_NEvents_" ],
      "preformatted" : false
    },
    "_PctResp_" : {
      "parameter" : "_PctResp_",
      "type" : "num",
      "label" : "% Response",
      "length" : 8,
      "order" : 19,
      "values" : [ "_PctResp_" ],
      "preformatted" : false
    },
    "_LiftBest_" : {
      "parameter" : "_LiftBest_",
      "type" : "num",
      "label" : "Best Lift",
      "length" : 8,
      "order" : 14,
      "values" : [ "_LiftBest_" ],
      "preformatted" : false
    },
    "_PartInd__f" : {
      "parameter" : "_PartInd__f",
      "type" : "char",
      "label" : "Formatted Partition",
      "length" : 12,
      "order" : 3,
      "values" : [ "_PartInd__f" ],
      "preformatted" : false
    },
    "_PartInd_" : {
      "parameter" : "_PartInd_",
      "type" : "num",
      "label" : "Partition Indicator",
      "length" : 8,
      "order" : 2,
      "values" : [ "_PartInd_" ],
      "preformatted" : false
    },
    "_Resp_" : {
      "parameter" : "_Resp_",
      "type" : "num",
      "label" : "% Captured Response",
      "length" : 8,
      "order" : 11,
      "values" : [ "_Resp_" ],
      "preformatted" : false
    },
    "_GainBest_" : {
      "parameter" : "_GainBest_",
      "type" : "num",
      "label" : "Best Gain",
      "length" : 8,
      "order" : 24,
      "values" : [ "_GainBest_" ],
      "preformatted" : false
    }
  },
  "data" : [ {
    "dataMap" : {
      "_CumLiftBest_" : null,
      "_NObs_" : "0",
      "_Depth_" : "0",
      "_CumRespBest_" : "0",
      "_Column_" : "P_BAD1",
      "_Lift_" : null,
      "_RespBest_" : "0",
      "_CumPctResp_" : null,
      "_DataRole_" : "VALIDATE",
      "_NEventsBest_" : "0",
      "_CumResp_" : "0",
      "_PctRespBest_" : null,
      "_Gain_" : null,
      "_CumLift_" : null,
      "_CumPctRespBest_" : null,
      "_Value_" : "0",
      "_Event_" : "1",
      "_NEvents_" : "0",
      "_PctResp_" : null,
      "_LiftBest_" : null,
      "_PartInd__f" : "           0",
      "_PartInd_" : "0",
      "_Resp_" : "0",
      "_GainBest_" : null
    },
    "rowNumber" : 1,
    "header" : null
  }, {
    "dataMap" : {
      "_CumLiftBest_" : "5.04672897196",
      "_NObs_" : "54",
      "_Depth_" : "5",
      "_CumRespBest_" : "25.2336448598",
      "_Column_" : "P_BAD1",
      "_Lift_" : "4.48598130841",
      "_RespBest_" : "25.2336448598",
      "_CumPctResp_" : "88.8888888889",
      "_DataRole_" : "VALIDATE",
      "_NEventsBest_" : "54",
      "_CumResp_" : "22.4299065421",
      "_PctRespBest_" : "100",
      "_Gain_" : "3.48598130841",
      "_CumLift_" : "4.48598130841",
      "_CumPctRespBest_" : "100",
      "_Value_" : "0.969696969697",
      "_Event_" : "1",
      "_NEvents_" : "48",
      "_PctResp_" : "88.8888888889",
      "_LiftBest_" : "5.04672897196",
      "_PartInd__f" : "           0",
      "_PartInd_" : "0",
      "_Resp_" : "22.4299065421",
      "_GainBest_" : "4.04672897196"
    },
    "rowNumber" : 2,
    "header" : null
  }, {
    "dataMap" : {
      "_CumLiftBest_" : "5.04672897196",
      "_NObs_" : "54",
      "_Depth_" : "10",
      "_CumRespBest_" : "50.4672897196",
      "_Column_" : "P_BAD1",
      "_Lift_" : "4.03395002861",
      "_RespBest_" : "25.2336448598",
      "_CumPctResp_" : "84.410430839",
      "_DataRole_" : "VALIDATE",
      "_NEventsBest_" : "54",
      "_CumResp_" : "42.5996566851",
      "_PctRespBest_" : "100",
      "_Gain_" : "3.25996566851",
      "_CumLift_" : "4.25996566851",
      "_CumPctRespBest_" : "100",
      "_Value_" : "0.457489878543",
      "_Event_" : "1",
      "_NEvents_" : "43.1632653061",
      "_PctResp_" : "79.9319727891",
      "_LiftBest_" : "5.04672897196",
      "_PartInd__f" : "           0",
      "_PartInd_" : "0",
      "_Resp_" : "20.169750143",
      "_GainBest_" : "4.04672897196"
    },
    "rowNumber" : 3,
    "header" : null
  }, {
    "dataMap" : {
      "_CumLiftBest_" : "5.04672897196",
      "_NObs_" : "54",
      "_Depth_" : "15",
      "_CumRespBest_" : "75.7009345794",
      "_Column_" : "P_BAD1",
      "_Lift_" : "2.33454129315",
      "_RespBest_" : "25.2336448598",
      "_CumPctResp_" : "71.6931216931",
      "_DataRole_" : "VALIDATE",
      "_NEventsBest_" : "54",
      "_CumResp_" : "54.2723631509",
      "_PctRespBest_" : "100",
      "_Gain_" : "2.61815754339",
      "_CumLift_" : "3.61815754339",
      "_CumPctRespBest_" : "100",
      "_Value_" : "0.457489878543",
      "_Event_" : "1",
      "_NEvents_" : "24.9795918367",
      "_PctResp_" : "46.2585034014",
      "_LiftBest_" : "5.04672897196",
      "_PartInd__f" : "           0",
      "_PartInd_" : "0",
      "_Resp_" : "11.6727064658",
      "_GainBest_" : "4.04672897196"
    },
    "rowNumber" : 4,
    "header" : null
  }, {
    "dataMap" : {
      "_CumLiftBest_" : "5",
      "_NObs_" : "54",
      "_Depth_" : "20",
      "_CumRespBest_" : "100",
      "_Column_" : "P_BAD1",
      "_Lift_" : "2.33454129315",
      "_RespBest_" : "24.2990654206",
      "_CumPctResp_" : "65.3344671202",
      "_DataRole_" : "VALIDATE",
      "_NEventsBest_" : "52",
      "_CumResp_" : "65.9450696166",
      "_PctRespBest_" : "96.2962962963",
      "_Gain_" : "2.29725348083",
      "_CumLift_" : "3.29725348083",
      "_CumPctRespBest_" : "99.0740740741",
      "_Value_" : "0.457489878543",
      "_Event_" : "1",
      "_NEvents_" : "24.9795918367",
      "_PctResp_" : "46.2585034014",
      "_LiftBest_" : "4.85981308411",
      "_PartInd__f" : "           0",
      "_PartInd_" : "0",
      "_Resp_" : "11.6727064658",
      "_GainBest_" : "4"
    },
    "rowNumber" : 5,
    "header" : null
  }, {
    "dataMap" : {
      "_CumLiftBest_" : "4",
      "_NObs_" : "54",
      "_Depth_" : "25",
      "_CumRespBest_" : "100",
      "_Column_" : "P_BAD1",
      "_Lift_" : "1.68571145147",
      "_RespBest_" : "0",
      "_CumPctResp_" : "58.9479857446",
      "_DataRole_" : "VALIDATE",
      "_NEventsBest_" : "0",
      "_CumResp_" : "74.373626874",
      "_PctRespBest_" : "0",
      "_Gain_" : "1.97494507496",
      "_CumLift_" : "2.97494507496",
      "_CumPctRespBest_" : "79.2592592593",
      "_Value_" : "0.0628398791541",
      "_Event_" : "1",
      "_NEvents_" : "18.0371125308",
      "_PctResp_" : "33.4020602422",
      "_LiftBest_" : "0",
      "_PartInd__f" : "           0",
      "_PartInd_" : "0",
      "_Resp_" : "8.42855725737",
      "_GainBest_" : "3"
    },
    "rowNumber" : 6,
    "header" : null
  }, {
    "dataMap" : {
      "_CumLiftBest_" : "3.33333333333",
      "_NObs_" : "54",
      "_Depth_" : "30",
      "_CumRespBest_" : "100",
      "_Column_" : "P_BAD1",
      "_Lift_" : "0.344234862887",
      "_RespBest_" : "0",
      "_CumPctResp_" : "50.260146464",
      "_DataRole_" : "VALIDATE",
      "_NEventsBest_" : "0",
      "_CumResp_" : "76.0948011884",
      "_PctRespBest_" : "0",
      "_Gain_" : "1.53649337295",
      "_CumLift_" : "2.53649337295",
      "_CumPctRespBest_" : "66.049382716",
      "_Value_" : "0.0628398791541",
      "_Event_" : "1",
      "_NEvents_" : "3.68331303289",
      "_PctResp_" : "6.8209500609",
      "_LiftBest_" : "0",
      "_PartInd__f" : "           0",
      "_PartInd_" : "0",
      "_Resp_" : "1.72117431443",
      "_GainBest_" : "2.33333333333"
    },
    "rowNumber" : 7,
    "header" : null
  }, {
    "dataMap" : {
      "_CumLiftBest_" : "2.85714285714",
      "_NObs_" : "54",
      "_Depth_" : "35",
      "_CumRespBest_" : "100",
      "_Column_" : "P_BAD1",
      "_Lift_" : "0.344234862887",
      "_RespBest_" : "0",
      "_CumPctResp_" : "44.0545469778",
      "_DataRole_" : "VALIDATE",
      "_NEventsBest_" : "0",
      "_CumResp_" : "77.8159755029",
      "_PctRespBest_" : "0",
      "_Gain_" : "1.2233135858",
      "_CumLift_" : "2.2233135858",
      "_CumPctRespBest_" : "56.6137566138",
      "_Value_" : "0.0628398791541",
      "_Event_" : "1",
      "_NEvents_" : "3.68331303289",
      "_PctResp_" : "6.8209500609",
      "_LiftBest_" : "0",
      "_PartInd__f" : "           0",
      "_PartInd_" : "0",
      "_Resp_" : "1.72117431443",
      "_GainBest_" : "1.85714285714"
    },
    "rowNumber" : 8,
    "header" : null
  }, {
    "dataMap" : {
      "_CumLiftBest_" : "2.5",
      "_NObs_" : "54",
      "_Depth_" : "40",
      "_CumRespBest_" : "100",
      "_Column_" : "P_BAD1",
      "_Lift_" : "0.344234862887",
      "_RespBest_" : "0",
      "_CumPctResp_" : "39.4003473632",
      "_DataRole_" : "VALIDATE",
      "_NEventsBest_" : "0",
      "_CumResp_" : "79.5371498173",
      "_PctRespBest_" : "0",
      "_Gain_" : "0.988428745432",
      "_CumLift_" : "1.98842874543",
      "_CumPctRespBest_" : "49.537037037",
      "_Value_" : "0.0628398791541",
      "_Event_" : "1",
      "_NEvents_" : "3.68331303289",
      "_PctResp_" : "6.8209500609",
      "_LiftBest_" : "0",
      "_PartInd__f" : "           0",
      "_PartInd_" : "0",
      "_Resp_" : "1.72117431443",
      "_GainBest_" : "1.5"
    },
    "rowNumber" : 9,
    "header" : null
  }, {
    "dataMap" : {
      "_CumLiftBest_" : "2.22222222222",
      "_NObs_" : "54",
      "_Depth_" : "45",
      "_CumRespBest_" : "100",
      "_Column_" : "P_BAD1",
      "_Lift_" : "0.344234862887",
      "_RespBest_" : "0",
      "_CumPctResp_" : "35.7804143296",
      "_DataRole_" : "VALIDATE",
      "_NEventsBest_" : "0",
      "_CumResp_" : "81.2583241317",
      "_PctRespBest_" : "0",
      "_Gain_" : "0.805740536261",
      "_CumLift_" : "1.80574053626",
      "_CumPctRespBest_" : "44.0329218107",
      "_Value_" : "0.0628398791541",
      "_Event_" : "1",
      "_NEvents_" : "3.68331303289",
      "_PctResp_" : "6.8209500609",
      "_LiftBest_" : "0",
      "_PartInd__f" : "           0",
      "_PartInd_" : "0",
      "_Resp_" : "1.72117431443",
      "_GainBest_" : "1.22222222222"
    },
    "rowNumber" : 10,
    "header" : null
  }, {
    "dataMap" : {
      "_CumLiftBest_" : "2",
      "_NObs_" : "54",
      "_Depth_" : "50",
      "_CumRespBest_" : "100",
      "_Column_" : "P_BAD1",
      "_Lift_" : "0.344234862887",
      "_RespBest_" : "0",
      "_CumPctResp_" : "32.8844679027",
      "_DataRole_" : "VALIDATE",
      "_NEventsBest_" : "0",
      "_CumResp_" : "82.9794984462",
      "_PctRespBest_" : "0",
      "_Gain_" : "0.659589968923",
      "_CumLift_" : "1.65958996892",
      "_CumPctRespBest_" : "39.6296296296",
      "_Value_" : "0.0628398791541",
      "_Event_" : "1",
      "_NEvents_" : "3.68331303289",
      "_PctResp_" : "6.8209500609",
      "_LiftBest_" : "0",
      "_PartInd__f" : "           0",
      "_PartInd_" : "0",
      "_Resp_" : "1.72117431443",
      "_GainBest_" : "1"
    },
    "rowNumber" : 11,
    "header" : null
  }, {
    "dataMap" : {
      "_CumLiftBest_" : "1.81818181818",
      "_NObs_" : "54",
      "_Depth_" : "55",
      "_CumRespBest_" : "100",
      "_Column_" : "P_BAD1",
      "_Lift_" : "0.344234862887",
      "_RespBest_" : "0",
      "_CumPctResp_" : "30.5150571898",
      "_DataRole_" : "VALIDATE",
      "_NEventsBest_" : "0",
      "_CumResp_" : "84.7006727606",
      "_PctRespBest_" : "0",
      "_Gain_" : "0.540012232011",
      "_CumLift_" : "1.54001223201",
      "_CumPctRespBest_" : "36.0269360269",
      "_Value_" : "0.0628398791541",
      "_Event_" : "1",
      "_NEvents_" : "3.68331303289",
      "_PctResp_" : "6.8209500609",
      "_LiftBest_" : "0",
      "_PartInd__f" : "           0",
      "_PartInd_" : "0",
      "_Resp_" : "1.72117431443",
      "_GainBest_" : "0.818181818182"
    },
    "rowNumber" : 12,
    "header" : null
  }, {
    "dataMap" : {
      "_CumLiftBest_" : "1.66666666667",
      "_NObs_" : "54",
      "_Depth_" : "60",
      "_CumRespBest_" : "100",
      "_Column_" : "P_BAD1",
      "_Lift_" : "0.344234862887",
      "_RespBest_" : "0",
      "_CumPctResp_" : "28.5405482624",
      "_DataRole_" : "VALIDATE",
      "_NEventsBest_" : "0",
      "_CumResp_" : "86.421847075",
      "_PctRespBest_" : "0",
      "_Gain_" : "0.440364117917",
      "_CumLift_" : "1.44036411792",
      "_CumPctRespBest_" : "33.024691358",
      "_Value_" : "0.0628398791541",
      "_Event_" : "1",
      "_NEvents_" : "3.68331303289",
      "_PctResp_" : "6.8209500609",
      "_LiftBest_" : "0",
      "_PartInd__f" : "           0",
      "_PartInd_" : "0",
      "_Resp_" : "1.72117431443",
      "_GainBest_" : "0.666666666667"
    },
    "rowNumber" : 13,
    "header" : null
  }, {
    "dataMap" : {
      "_CumLiftBest_" : "1.53846153846",
      "_NObs_" : "54",
      "_Depth_" : "65",
      "_CumRespBest_" : "100",
      "_Column_" : "P_BAD1",
      "_Lift_" : "0.344234862887",
      "_RespBest_" : "0",
      "_CumPctResp_" : "26.8698099392",
      "_DataRole_" : "VALIDATE",
      "_NEventsBest_" : "0",
      "_CumResp_" : "88.1430213895",
      "_PctRespBest_" : "0",
      "_Gain_" : "0.356046482915",
      "_CumLift_" : "1.35604648291",
      "_CumPctRespBest_" : "30.4843304843",
      "_Value_" : "0.0628398791541",
      "_Event_" : "1",
      "_NEvents_" : "3.68331303289",
      "_PctResp_" : "6.8209500609",
      "_LiftBest_" : "0",
      "_PartInd__f" : "           0",
      "_PartInd_" : "0",
      "_Resp_" : "1.72117431443",
      "_GainBest_" : "0.538461538462"
    },
    "rowNumber" : 14,
    "header" : null
  }, {
    "dataMap" : {
      "_CumLiftBest_" : "1.42857142857",
      "_NObs_" : "54",
      "_Depth_" : "70",
      "_CumRespBest_" : "100",
      "_Column_" : "P_BAD1",
      "_Lift_" : "0.344234862887",
      "_RespBest_" : "0",
      "_CumPctResp_" : "25.4377485194",
      "_DataRole_" : "VALIDATE",
      "_NEventsBest_" : "0",
      "_CumResp_" : "89.8641957039",
      "_PctRespBest_" : "0",
      "_Gain_" : "0.283774224341",
      "_CumLift_" : "1.28377422434",
      "_CumPctRespBest_" : "28.3068783069",
      "_Value_" : "0.0628398791541",
      "_Event_" : "1",
      "_NEvents_" : "3.68331303289",
      "_PctResp_" : "6.8209500609",
      "_LiftBest_" : "0",
      "_PartInd__f" : "           0",
      "_PartInd_" : "0",
      "_Resp_" : "1.72117431443",
      "_GainBest_" : "0.428571428571"
    },
    "rowNumber" : 15,
    "header" : null
  }, {
    "dataMap" : {
      "_CumLiftBest_" : "1.33333333333",
      "_NObs_" : "54",
      "_Depth_" : "75",
      "_CumRespBest_" : "100",
      "_Column_" : "P_BAD1",
      "_Lift_" : "0.344234862887",
      "_RespBest_" : "0",
      "_CumPctResp_" : "24.1966286221",
      "_DataRole_" : "VALIDATE",
      "_NEventsBest_" : "0",
      "_CumResp_" : "91.5853700183",
      "_PctRespBest_" : "0",
      "_Gain_" : "0.221138266911",
      "_CumLift_" : "1.22113826691",
      "_CumPctRespBest_" : "26.4197530864",
      "_Value_" : "0.0628398791541",
      "_Event_" : "1",
      "_NEvents_" : "3.68331303289",
      "_PctResp_" : "6.8209500609",
      "_LiftBest_" : "0",
      "_PartInd__f" : "           0",
      "_PartInd_" : "0",
      "_Resp_" : "1.72117431443",
      "_GainBest_" : "0.333333333333"
    },
    "rowNumber" : 16,
    "header" : null
  }, {
    "dataMap" : {
      "_CumLiftBest_" : "1.25",
      "_NObs_" : "54",
      "_Depth_" : "80",
      "_CumRespBest_" : "100",
      "_Column_" : "P_BAD1",
      "_Lift_" : "0.344234862887",
      "_RespBest_" : "0",
      "_CumPctResp_" : "23.110648712",
      "_DataRole_" : "VALIDATE",
      "_NEventsBest_" : "0",
      "_CumResp_" : "93.3065443328",
      "_PctRespBest_" : "0",
      "_Gain_" : "0.16633180416",
      "_CumLift_" : "1.16633180416",
      "_CumPctRespBest_" : "24.7685185185",
      "_Value_" : "0.0628398791541",
      "_Event_" : "1",
      "_NEvents_" : "3.68331303289",
      "_PctResp_" : "6.8209500609",
      "_LiftBest_" : "0",
      "_PartInd__f" : "           0",
      "_PartInd_" : "0",
      "_Resp_" : "1.72117431443",
      "_GainBest_" : "0.25"
    },
    "rowNumber" : 17,
    "header" : null
  }, {
    "dataMap" : {
      "_CumLiftBest_" : "1.17647058824",
      "_NObs_" : "54",
      "_Depth_" : "85",
      "_CumRespBest_" : "100",
      "_Column_" : "P_BAD1",
      "_Lift_" : "0.344234862887",
      "_RespBest_" : "0",
      "_CumPctResp_" : "22.1524311443",
      "_DataRole_" : "VALIDATE",
      "_NEventsBest_" : "0",
      "_CumResp_" : "95.0277186472",
      "_PctRespBest_" : "0",
      "_Gain_" : "0.117973160555",
      "_CumLift_" : "1.11797316056",
      "_CumPctRespBest_" : "23.311546841",
      "_Value_" : "0.0628398791541",
      "_Event_" : "1",
      "_NEvents_" : "3.68331303289",
      "_PctResp_" : "6.8209500609",
      "_LiftBest_" : "0",
      "_PartInd__f" : "           0",
      "_PartInd_" : "0",
      "_Resp_" : "1.72117431443",
      "_GainBest_" : "0.176470588235"
    },
    "rowNumber" : 18,
    "header" : null
  }, {
    "dataMap" : {
      "_CumLiftBest_" : "1.11111111111",
      "_NObs_" : "54",
      "_Depth_" : "90",
      "_CumRespBest_" : "100",
      "_Column_" : "P_BAD1",
      "_Lift_" : "0.344234862887",
      "_RespBest_" : "0",
      "_CumPctResp_" : "21.3006821953",
      "_DataRole_" : "VALIDATE",
      "_NEventsBest_" : "0",
      "_CumResp_" : "96.7488929616",
      "_PctRespBest_" : "0",
      "_Gain_" : "0.0749876995736",
      "_CumLift_" : "1.07498769957",
      "_CumPctRespBest_" : "22.0164609053",
      "_Value_" : "0.0628398791541",
      "_Event_" : "1",
      "_NEvents_" : "3.68331303289",
      "_PctResp_" : "6.8209500609",
      "_LiftBest_" : "0",
      "_PartInd__f" : "           0",
      "_PartInd_" : "0",
      "_Resp_" : "1.72117431443",
      "_GainBest_" : "0.111111111111"
    },
    "rowNumber" : 19,
    "header" : null
  }, {
    "dataMap" : {
      "_CumLiftBest_" : "1.05263157895",
      "_NObs_" : "54",
      "_Depth_" : "95",
      "_CumRespBest_" : "100",
      "_Column_" : "P_BAD1",
      "_Lift_" : "0.344234862887",
      "_RespBest_" : "0",
      "_CumPctResp_" : "20.5385910303",
      "_DataRole_" : "VALIDATE",
      "_NEventsBest_" : "0",
      "_CumResp_" : "98.4700672761",
      "_PctRespBest_" : "0",
      "_Gain_" : "0.0365270239585",
      "_CumLift_" : "1.03652702396",
      "_CumPctRespBest_" : "20.8576998051",
      "_Value_" : "0.0628398791541",
      "_Event_" : "1",
      "_NEvents_" : "3.68331303289",
      "_PctResp_" : "6.8209500609",
      "_LiftBest_" : "0",
      "_PartInd__f" : "           0",
      "_PartInd_" : "0",
      "_Resp_" : "1.72117431443",
      "_GainBest_" : "0.0526315789474"
    },
    "rowNumber" : 20,
    "header" : null
  }, {
    "dataMap" : {
      "_CumLiftBest_" : "1",
      "_NObs_" : "48",
      "_Depth_" : "100",
      "_CumRespBest_" : "100",
      "_Column_" : "P_BAD1",
      "_Lift_" : "0.305986544788",
      "_RespBest_" : "0",
      "_CumPctResp_" : "19.9255121043",
      "_DataRole_" : "VALIDATE",
      "_NEventsBest_" : "0",
      "_CumResp_" : "100",
      "_PctRespBest_" : "0",
      "_Gain_" : "4.4408920985E-16",
      "_CumLift_" : "1",
      "_CumPctRespBest_" : "19.9255121043",
      "_Value_" : "0.0628398791541",
      "_Event_" : "1",
      "_NEvents_" : "3.27405602923",
      "_PctResp_" : "6.8209500609",
      "_LiftBest_" : "0",
      "_PartInd__f" : "           0",
      "_PartInd_" : "0",
      "_Resp_" : "1.52993272394",
      "_GainBest_" : "0"
    },
    "rowNumber" : 21,
    "header" : null
  }, {
    "dataMap" : {
      "_CumLiftBest_" : null,
      "_NObs_" : "0",
      "_Depth_" : "0",
      "_CumRespBest_" : "0",
      "_Column_" : "P_BAD1",
      "_Lift_" : null,
      "_RespBest_" : "0",
      "_CumPctResp_" : null,
      "_DataRole_" : "TRAIN",
      "_NEventsBest_" : "0",
      "_CumResp_" : "0",
      "_PctRespBest_" : null,
      "_Gain_" : null,
      "_CumLift_" : null,
      "_CumPctRespBest_" : null,
      "_Value_" : "0",
      "_Event_" : "1",
      "_NEvents_" : "0",
      "_PctResp_" : null,
      "_LiftBest_" : null,
      "_PartInd__f" : "           1",
      "_PartInd_" : "1",
      "_Resp_" : "0",
      "_GainBest_" : null
    },
    "rowNumber" : 22,
    "header" : null
  }, {
    "dataMap" : {
      "_CumLiftBest_" : "5.04672897196",
      "_NObs_" : "108",
      "_Depth_" : "5",
      "_CumRespBest_" : "25.2336448598",
      "_Column_" : "P_BAD1",
      "_Lift_" : "5.03256867743",
      "_RespBest_" : "25.2336448598",
      "_CumPctResp_" : "99.7194163861",
      "_DataRole_" : "TRAIN",
      "_NEventsBest_" : "108",
      "_CumResp_" : "25.1628433871",
      "_PctRespBest_" : "100",
      "_Gain_" : "4.03256867743",
      "_CumLift_" : "5.03256867743",
      "_CumPctRespBest_" : "100",
      "_Value_" : "0.969696969697",
      "_Event_" : "1",
      "_NEvents_" : "107.696969697",
      "_PctResp_" : "99.7194163861",
      "_LiftBest_" : "5.04672897196",
      "_PartInd__f" : "           1",
      "_PartInd_" : "1",
      "_Resp_" : "25.1628433871",
      "_GainBest_" : "4.04672897196"
    },
    "rowNumber" : 23,
    "header" : null
  }, {
    "dataMap" : {
      "_CumLiftBest_" : "5.04672897196",
      "_NObs_" : "108",
      "_Depth_" : "10",
      "_CumRespBest_" : "50.4672897196",
      "_Column_" : "P_BAD1",
      "_Lift_" : "4.31385718769",
      "_RespBest_" : "25.2336448598",
      "_CumPctResp_" : "92.5988488488",
      "_DataRole_" : "TRAIN",
      "_NEventsBest_" : "108",
      "_CumResp_" : "46.7321293256",
      "_PctRespBest_" : "100",
      "_Gain_" : "3.67321293256",
      "_CumLift_" : "4.67321293256",
      "_CumPctRespBest_" : "100",
      "_Value_" : "0.797297297297",
      "_Event_" : "1",
      "_NEvents_" : "92.3165438165",
      "_PctResp_" : "85.4782813116",
      "_LiftBest_" : "5.04672897196",
      "_PartInd__f" : "           1",
      "_PartInd_" : "1",
      "_Resp_" : "21.5692859384",
      "_GainBest_" : "4.04672897196"
    },
    "rowNumber" : 24,
    "header" : null
  }, {
    "dataMap" : {
      "_CumLiftBest_" : "5.04672897196",
      "_NObs_" : "108",
      "_Depth_" : "15",
      "_CumRespBest_" : "75.7009345794",
      "_Column_" : "P_BAD1",
      "_Lift_" : "2.42151843849",
      "_RespBest_" : "25.2336448598",
      "_CumPctResp_" : "77.726545709",
      "_DataRole_" : "TRAIN",
      "_NEventsBest_" : "108",
      "_CumResp_" : "58.839721518",
      "_PctRespBest_" : "100",
      "_Gain_" : "2.9226481012",
      "_CumLift_" : "3.9226481012",
      "_CumPctRespBest_" : "100",
      "_Value_" : "0.457489878543",
      "_Event_" : "1",
      "_NEvents_" : "51.8204945837",
      "_PctResp_" : "47.9819394293",
      "_LiftBest_" : "5.04672897196",
      "_PartInd__f" : "           1",
      "_PartInd_" : "1",
      "_Resp_" : "12.1075921924",
      "_GainBest_" : "4.04672897196"
    },
    "rowNumber" : 25,
    "header" : null
  }, {
    "dataMap" : {
      "_CumLiftBest_" : "5",
      "_NObs_" : "108",
      "_Depth_" : "20",
      "_CumRespBest_" : "100",
      "_Column_" : "P_BAD1",
      "_Lift_" : "2.30882742442",
      "_RespBest_" : "24.2990654206",
      "_CumPctResp_" : "69.7321562453",
      "_DataRole_" : "TRAIN",
      "_NEventsBest_" : "104",
      "_CumResp_" : "70.3838586401",
      "_PctRespBest_" : "96.2962962963",
      "_Gain_" : "2.51919293201",
      "_CumLift_" : "3.51919293201",
      "_CumPctRespBest_" : "99.0740740741",
      "_Value_" : "0.457489878543",
      "_Event_" : "1",
      "_NEvents_" : "49.4089068826",
      "_PctResp_" : "45.7489878543",
      "_LiftBest_" : "4.85981308411",
      "_PartInd__f" : "           1",
      "_PartInd_" : "1",
      "_Resp_" : "11.5441371221",
      "_GainBest_" : "4"
    },
    "rowNumber" : 26,
    "header" : null
  }, {
    "dataMap" : {
      "_CumLiftBest_" : "4",
      "_NObs_" : "108",
      "_Depth_" : "25",
      "_CumRespBest_" : "100",
      "_Column_" : "P_BAD1",
      "_Lift_" : "1.20436444952",
      "_RespBest_" : "0",
      "_CumPctResp_" : "60.5585767036",
      "_DataRole_" : "TRAIN",
      "_NEventsBest_" : "0",
      "_CumResp_" : "76.4056808877",
      "_PctRespBest_" : "0",
      "_Gain_" : "2.05622723551",
      "_CumLift_" : "3.05622723551",
      "_CumPctRespBest_" : "79.2592592593",
      "_Value_" : "0.0628398791541",
      "_Event_" : "1",
      "_NEvents_" : "25.7733992196",
      "_PctResp_" : "23.8642585367",
      "_LiftBest_" : "0",
      "_PartInd__f" : "           1",
      "_PartInd_" : "1",
      "_Resp_" : "6.02182224758",
      "_GainBest_" : "3"
    },
    "rowNumber" : 27,
    "header" : null
  }, {
    "dataMap" : {
      "_CumLiftBest_" : "3.33333333333",
      "_NObs_" : "108",
      "_Depth_" : "30",
      "_CumRespBest_" : "100",
      "_Column_" : "P_BAD1",
      "_Lift_" : "0.317135838722",
      "_RespBest_" : "0",
      "_CumPctResp_" : "51.5128119056",
      "_DataRole_" : "TRAIN",
      "_NEventsBest_" : "0",
      "_CumResp_" : "77.9913600813",
      "_PctRespBest_" : "0",
      "_Gain_" : "1.59971200271",
      "_CumLift_" : "2.59971200271",
      "_CumPctRespBest_" : "66.049382716",
      "_Value_" : "0.0628398791541",
      "_Event_" : "1",
      "_NEvents_" : "6.78670694864",
      "_PctResp_" : "6.28398791541",
      "_LiftBest_" : "0",
      "_PartInd__f" : "           1",
      "_PartInd_" : "1",
      "_Resp_" : "1.58567919361",
      "_GainBest_" : "2.33333333333"
    },
    "rowNumber" : 28,
    "header" : null
  }, {
    "dataMap" : {
      "_CumLiftBest_" : "2.85714285714",
      "_NObs_" : "108",
      "_Depth_" : "35",
      "_CumRespBest_" : "100",
      "_Column_" : "P_BAD1",
      "_Lift_" : "0.317135838722",
      "_RespBest_" : "0",
      "_CumPctResp_" : "45.0515513355",
      "_DataRole_" : "TRAIN",
      "_NEventsBest_" : "0",
      "_CumResp_" : "79.5770392749",
      "_PctRespBest_" : "0",
      "_Gain_" : "1.27362969357",
      "_CumLift_" : "2.27362969357",
      "_CumPctRespBest_" : "56.6137566138",
      "_Value_" : "0.0628398791541",
      "_Event_" : "1",
      "_NEvents_" : "6.78670694864",
      "_PctResp_" : "6.28398791541",
      "_LiftBest_" : "0",
      "_PartInd__f" : "           1",
      "_PartInd_" : "1",
      "_Resp_" : "1.58567919361",
      "_GainBest_" : "1.85714285714"
    },
    "rowNumber" : 29,
    "header" : null
  }, {
    "dataMap" : {
      "_CumLiftBest_" : "2.5",
      "_NObs_" : "108",
      "_Depth_" : "40",
      "_CumRespBest_" : "100",
      "_Column_" : "P_BAD1",
      "_Lift_" : "0.317135838722",
      "_RespBest_" : "0",
      "_CumPctResp_" : "40.205605908",
      "_DataRole_" : "TRAIN",
      "_NEventsBest_" : "0",
      "_CumResp_" : "81.1627184685",
      "_PctRespBest_" : "0",
      "_Gain_" : "1.02906796171",
      "_CumLift_" : "2.02906796171",
      "_CumPctRespBest_" : "49.537037037",
      "_Value_" : "0.0628398791541",
      "_Event_" : "1",
      "_NEvents_" : "6.78670694864",
      "_PctResp_" : "6.28398791541",
      "_LiftBest_" : "0",
      "_PartInd__f" : "           1",
      "_PartInd_" : "1",
      "_Resp_" : "1.58567919361",
      "_GainBest_" : "1.5"
    },
    "rowNumber" : 30,
    "header" : null
  }, {
    "dataMap" : {
      "_CumLiftBest_" : "2.22222222222",
      "_NObs_" : "108",
      "_Depth_" : "45",
      "_CumRespBest_" : "100",
      "_Column_" : "P_BAD1",
      "_Lift_" : "0.317135838722",
      "_RespBest_" : "0",
      "_CumPctResp_" : "36.4365372422",
      "_DataRole_" : "TRAIN",
      "_NEventsBest_" : "0",
      "_CumResp_" : "82.7483976621",
      "_PctRespBest_" : "0",
      "_Gain_" : "0.838853281381",
      "_CumLift_" : "1.83885328138",
      "_CumPctRespBest_" : "44.0329218107",
      "_Value_" : "0.0628398791541",
      "_Event_" : "1",
      "_NEvents_" : "6.78670694864",
      "_PctResp_" : "6.28398791541",
      "_LiftBest_" : "0",
      "_PartInd__f" : "           1",
      "_PartInd_" : "1",
      "_Resp_" : "1.58567919361",
      "_GainBest_" : "1.22222222222"
    },
    "rowNumber" : 31,
    "header" : null
  }, {
    "dataMap" : {
      "_CumLiftBest_" : "2",
      "_NObs_" : "108",
      "_Depth_" : "50",
      "_CumRespBest_" : "100",
      "_Column_" : "P_BAD1",
      "_Lift_" : "0.317135838722",
      "_RespBest_" : "0",
      "_CumPctResp_" : "33.4212823095",
      "_DataRole_" : "TRAIN",
      "_NEventsBest_" : "0",
      "_CumResp_" : "84.3340768557",
      "_PctRespBest_" : "0",
      "_Gain_" : "0.686681537115",
      "_CumLift_" : "1.68668153711",
      "_CumPctRespBest_" : "39.6296296296",
      "_Value_" : "0.0628398791541",
      "_Event_" : "1",
      "_NEvents_" : "6.78670694864",
      "_PctResp_" : "6.28398791541",
      "_LiftBest_" : "0",
      "_PartInd__f" : "           1",
      "_PartInd_" : "1",
      "_Resp_" : "1.58567919361",
      "_GainBest_" : "1"
    },
    "rowNumber" : 32,
    "header" : null
  }, {
    "dataMap" : {
      "_CumLiftBest_" : "1.81818181818",
      "_NObs_" : "108",
      "_Depth_" : "55",
      "_CumRespBest_" : "100",
      "_Column_" : "P_BAD1",
      "_Lift_" : "0.317135838722",
      "_RespBest_" : "0",
      "_CumPctResp_" : "30.9542555464",
      "_DataRole_" : "TRAIN",
      "_NEventsBest_" : "0",
      "_CumResp_" : "85.9197560494",
      "_PctRespBest_" : "0",
      "_Gain_" : "0.562177382716",
      "_CumLift_" : "1.56217738272",
      "_CumPctRespBest_" : "36.0269360269",
      "_Value_" : "0.0628398791541",
      "_Event_" : "1",
      "_NEvents_" : "6.78670694864",
      "_PctResp_" : "6.28398791541",
      "_LiftBest_" : "0",
      "_PartInd__f" : "           1",
      "_PartInd_" : "1",
      "_Resp_" : "1.58567919361",
      "_GainBest_" : "0.818181818182"
    },
    "rowNumber" : 33,
    "header" : null
  }, {
    "dataMap" : {
      "_CumLiftBest_" : "1.66666666667",
      "_NObs_" : "108",
      "_Depth_" : "60",
      "_CumRespBest_" : "100",
      "_Column_" : "P_BAD1",
      "_Lift_" : "0.317135838722",
      "_RespBest_" : "0",
      "_CumPctResp_" : "28.8983999105",
      "_DataRole_" : "TRAIN",
      "_NEventsBest_" : "0",
      "_CumResp_" : "87.505435243",
      "_PctRespBest_" : "0",
      "_Gain_" : "0.458423920716",
      "_CumLift_" : "1.45842392072",
      "_CumPctRespBest_" : "33.024691358",
      "_Value_" : "0.0628398791541",
      "_Event_" : "1",
      "_NEvents_" : "6.78670694864",
      "_PctResp_" : "6.28398791541",
      "_LiftBest_" : "0",
      "_PartInd__f" : "           1",
      "_PartInd_" : "1",
      "_Resp_" : "1.58567919361",
      "_GainBest_" : "0.666666666667"
    },
    "rowNumber" : 34,
    "header" : null
  }, {
    "dataMap" : {
      "_CumLiftBest_" : "1.53846153846",
      "_NObs_" : "108",
      "_Depth_" : "65",
      "_CumRespBest_" : "100",
      "_Column_" : "P_BAD1",
      "_Lift_" : "0.317135838722",
      "_RespBest_" : "0",
      "_CumPctResp_" : "27.158829757",
      "_DataRole_" : "TRAIN",
      "_NEventsBest_" : "0",
      "_CumResp_" : "89.0911144366",
      "_PctRespBest_" : "0",
      "_Gain_" : "0.370632529793",
      "_CumLift_" : "1.37063252979",
      "_CumPctRespBest_" : "30.4843304843",
      "_Value_" : "0.0628398791541",
      "_Event_" : "1",
      "_NEvents_" : "6.78670694864",
      "_PctResp_" : "6.28398791541",
      "_LiftBest_" : "0",
      "_PartInd__f" : "           1",
      "_PartInd_" : "1",
      "_Resp_" : "1.58567919361",
      "_GainBest_" : "0.538461538462"
    },
    "rowNumber" : 35,
    "header" : null
  }, {
    "dataMap" : {
      "_CumLiftBest_" : "1.42857142857",
      "_NObs_" : "108",
      "_Depth_" : "70",
      "_CumRespBest_" : "100",
      "_Column_" : "P_BAD1",
      "_Lift_" : "0.317135838722",
      "_RespBest_" : "0",
      "_CumPctResp_" : "25.6677696255",
      "_DataRole_" : "TRAIN",
      "_NEventsBest_" : "0",
      "_CumResp_" : "90.6767936302",
      "_PctRespBest_" : "0",
      "_Gain_" : "0.295382766145",
      "_CumLift_" : "1.29538276615",
      "_CumPctRespBest_" : "28.3068783069",
      "_Value_" : "0.0628398791541",
      "_Event_" : "1",
      "_NEvents_" : "6.78670694864",
      "_PctResp_" : "6.28398791541",
      "_LiftBest_" : "0",
      "_PartInd__f" : "           1",
      "_PartInd_" : "1",
      "_Resp_" : "1.58567919361",
      "_GainBest_" : "0.428571428571"
    },
    "rowNumber" : 36,
    "header" : null
  }, {
    "dataMap" : {
      "_CumLiftBest_" : "1.33333333333",
      "_NObs_" : "108",
      "_Depth_" : "75",
      "_CumRespBest_" : "100",
      "_Column_" : "P_BAD1",
      "_Lift_" : "0.317135838722",
      "_RespBest_" : "0",
      "_CumPctResp_" : "24.3755175115",
      "_DataRole_" : "TRAIN",
      "_NEventsBest_" : "0",
      "_CumResp_" : "92.2624728238",
      "_PctRespBest_" : "0",
      "_Gain_" : "0.230166304317",
      "_CumLift_" : "1.23016630432",
      "_CumPctRespBest_" : "26.4197530864",
      "_Value_" : "0.0628398791541",
      "_Event_" : "1",
      "_NEvents_" : "6.78670694864",
      "_PctResp_" : "6.28398791541",
      "_LiftBest_" : "0",
      "_PartInd__f" : "           1",
      "_PartInd_" : "1",
      "_Resp_" : "1.58567919361",
      "_GainBest_" : "0.333333333333"
    },
    "rowNumber" : 37,
    "header" : null
  }, {
    "dataMap" : {
      "_CumLiftBest_" : "1.25",
      "_NObs_" : "108",
      "_Depth_" : "80",
      "_CumRespBest_" : "100",
      "_Column_" : "P_BAD1",
      "_Lift_" : "0.317135838722",
      "_RespBest_" : "0",
      "_CumPctResp_" : "23.2447969117",
      "_DataRole_" : "TRAIN",
      "_NEventsBest_" : "0",
      "_CumResp_" : "93.8481520174",
      "_PctRespBest_" : "0",
      "_Gain_" : "0.173101900217",
      "_CumLift_" : "1.17310190022",
      "_CumPctRespBest_" : "24.7685185185",
      "_Value_" : "0.0628398791541",
      "_Event_" : "1",
      "_NEvents_" : "6.78670694864",
      "_PctResp_" : "6.28398791541",
      "_LiftBest_" : "0",
      "_PartInd__f" : "           1",
      "_PartInd_" : "1",
      "_Resp_" : "1.58567919361",
      "_GainBest_" : "0.25"
    },
    "rowNumber" : 38,
    "header" : null
  }, {
    "dataMap" : {
      "_CumLiftBest_" : "1.17647058824",
      "_NObs_" : "108",
      "_Depth_" : "85",
      "_CumRespBest_" : "100",
      "_Column_" : "P_BAD1",
      "_Lift_" : "0.317135838722",
      "_RespBest_" : "0",
      "_CumPctResp_" : "22.2471022649",
      "_DataRole_" : "TRAIN",
      "_NEventsBest_" : "0",
      "_CumResp_" : "95.433831211",
      "_PctRespBest_" : "0",
      "_Gain_" : "0.122750955424",
      "_CumLift_" : "1.12275095542",
      "_CumPctRespBest_" : "23.311546841",
      "_Value_" : "0.0628398791541",
      "_Event_" : "1",
      "_NEvents_" : "6.78670694864",
      "_PctResp_" : "6.28398791541",
      "_LiftBest_" : "0",
      "_PartInd__f" : "           1",
      "_PartInd_" : "1",
      "_Resp_" : "1.58567919361",
      "_GainBest_" : "0.176470588235"
    },
    "rowNumber" : 39,
    "header" : null
  }, {
    "dataMap" : {
      "_CumLiftBest_" : "1.11111111111",
      "_NObs_" : "108",
      "_Depth_" : "90",
      "_CumRespBest_" : "100",
      "_Column_" : "P_BAD1",
      "_Lift_" : "0.317135838722",
      "_RespBest_" : "0",
      "_CumPctResp_" : "21.3602625788",
      "_DataRole_" : "TRAIN",
      "_NEventsBest_" : "0",
      "_CumResp_" : "97.0195104046",
      "_PctRespBest_" : "0",
      "_Gain_" : "0.0779945600512",
      "_CumLift_" : "1.07799456005",
      "_CumPctRespBest_" : "22.0164609053",
      "_Value_" : "0.0628398791541",
      "_Event_" : "1",
      "_NEvents_" : "6.78670694864",
      "_PctResp_" : "6.28398791541",
      "_LiftBest_" : "0",
      "_PartInd__f" : "           1",
      "_PartInd_" : "1",
      "_Resp_" : "1.58567919361",
      "_GainBest_" : "0.111111111111"
    },
    "rowNumber" : 40,
    "header" : null
  }, {
    "dataMap" : {
      "_CumLiftBest_" : "1.05263157895",
      "_NObs_" : "108",
      "_Depth_" : "95",
      "_CumRespBest_" : "100",
      "_Column_" : "P_BAD1",
      "_Lift_" : "0.317135838722",
      "_RespBest_" : "0",
      "_CumPctResp_" : "20.5667744386",
      "_DataRole_" : "TRAIN",
      "_NEventsBest_" : "0",
      "_CumResp_" : "98.6051895982",
      "_PctRespBest_" : "0",
      "_Gain_" : "0.0379493641917",
      "_CumLift_" : "1.03794936419",
      "_CumPctRespBest_" : "20.8576998051",
      "_Value_" : "0.0628398791541",
      "_Event_" : "1",
      "_NEvents_" : "6.78670694864",
      "_PctResp_" : "6.28398791541",
      "_LiftBest_" : "0",
      "_PartInd__f" : "           1",
      "_PartInd_" : "1",
      "_Resp_" : "1.58567919361",
      "_GainBest_" : "0.0526315789474"
    },
    "rowNumber" : 41,
    "header" : null
  }, {
    "dataMap" : {
      "_CumLiftBest_" : "1",
      "_NObs_" : "95",
      "_Depth_" : "100",
      "_CumRespBest_" : "100",
      "_Column_" : "P_BAD1",
      "_Lift_" : "0.278962080357",
      "_RespBest_" : "0",
      "_CumPctResp_" : "19.934792734",
      "_DataRole_" : "TRAIN",
      "_NEventsBest_" : "0",
      "_CumResp_" : "100",
      "_PctRespBest_" : "0",
      "_Gain_" : "-5.55111512313E-16",
      "_CumLift_" : "1",
      "_CumPctRespBest_" : "19.934792734",
      "_Value_" : "0.0628398791541",
      "_Event_" : "1",
      "_NEvents_" : "5.96978851964",
      "_PctResp_" : "6.28398791541",
      "_LiftBest_" : "0",
      "_PartInd__f" : "           1",
      "_PartInd_" : "1",
      "_Resp_" : "1.39481040178",
      "_GainBest_" : "0"
    },
    "rowNumber" : 42,
    "header" : null
  }, {
    "dataMap" : {
      "_CumLiftBest_" : null,
      "_NObs_" : "0",
      "_Depth_" : "0",
      "_CumRespBest_" : "0",
      "_Column_" : "P_BAD1",
      "_Lift_" : null,
      "_RespBest_" : "0",
      "_CumPctResp_" : null,
      "_DataRole_" : "TEST",
      "_NEventsBest_" : "0",
      "_CumResp_" : "0",
      "_PctRespBest_" : null,
      "_Gain_" : null,
      "_CumLift_" : null,
      "_CumPctRespBest_" : null,
      "_Value_" : "0",
      "_Event_" : "1",
      "_NEvents_" : "0",
      "_PctResp_" : null,
      "_LiftBest_" : null,
      "_PartInd__f" : "           2",
      "_PartInd_" : "2",
      "_Resp_" : "0",
      "_GainBest_" : null
    },
    "rowNumber" : 43,
    "header" : null
  }, {
    "dataMap" : {
      "_CumLiftBest_" : "5.07042253521",
      "_NObs_" : "18",
      "_Depth_" : "5",
      "_CumRespBest_" : "25.3521126761",
      "_Column_" : "P_BAD1",
      "_Lift_" : "3.94366197183",
      "_RespBest_" : "25.3521126761",
      "_CumPctResp_" : "77.7777777778",
      "_DataRole_" : "TEST",
      "_NEventsBest_" : "18",
      "_CumResp_" : "19.7183098592",
      "_PctRespBest_" : "100",
      "_Gain_" : "2.94366197183",
      "_CumLift_" : "3.94366197183",
      "_CumPctRespBest_" : "100",
      "_Value_" : "0.969696969697",
      "_Event_" : "1",
      "_NEvents_" : "14",
      "_PctResp_" : "77.7777777778",
      "_LiftBest_" : "5.07042253521",
      "_PartInd__f" : "           2",
      "_PartInd_" : "2",
      "_Resp_" : "19.7183098592",
      "_GainBest_" : "4.07042253521"
    },
    "rowNumber" : 44,
    "header" : null
  }, {
    "dataMap" : {
      "_CumLiftBest_" : "5.07042253521",
      "_NObs_" : "18",
      "_Depth_" : "10",
      "_CumRespBest_" : "50.7042253521",
      "_Column_" : "P_BAD1",
      "_Lift_" : "3.52112676056",
      "_RespBest_" : "25.3521126761",
      "_CumPctResp_" : "73.6111111111",
      "_DataRole_" : "TEST",
      "_NEventsBest_" : "18",
      "_CumResp_" : "37.323943662",
      "_PctRespBest_" : "100",
      "_Gain_" : "2.7323943662",
      "_CumLift_" : "3.7323943662",
      "_CumPctRespBest_" : "100",
      "_Value_" : "0.457489878543",
      "_Event_" : "1",
      "_NEvents_" : "12.5",
      "_PctResp_" : "69.4444444444",
      "_LiftBest_" : "5.07042253521",
      "_PartInd__f" : "           2",
      "_PartInd_" : "2",
      "_Resp_" : "17.6056338028",
      "_GainBest_" : "4.07042253521"
    },
    "rowNumber" : 45,
    "header" : null
  }, {
    "dataMap" : {
      "_CumLiftBest_" : "5.07042253521",
      "_NObs_" : "18",
      "_Depth_" : "15",
      "_CumRespBest_" : "76.0563380282",
      "_Column_" : "P_BAD1",
      "_Lift_" : "2.53521126761",
      "_RespBest_" : "25.3521126761",
      "_CumPctResp_" : "65.7407407407",
      "_DataRole_" : "TEST",
      "_NEventsBest_" : "18",
      "_CumResp_" : "50",
      "_PctRespBest_" : "100",
      "_Gain_" : "2.33333333333",
      "_CumLift_" : "3.33333333333",
      "_CumPctRespBest_" : "100",
      "_Value_" : "0.457489878543",
      "_Event_" : "1",
      "_NEvents_" : "9",
      "_PctResp_" : "50",
      "_LiftBest_" : "5.07042253521",
      "_PartInd__f" : "           2",
      "_PartInd_" : "2",
      "_Resp_" : "12.676056338",
      "_GainBest_" : "4.07042253521"
    },
    "rowNumber" : 46,
    "header" : null
  }, {
    "dataMap" : {
      "_CumLiftBest_" : "5",
      "_NObs_" : "18",
      "_Depth_" : "20",
      "_CumRespBest_" : "100",
      "_Column_" : "P_BAD1",
      "_Lift_" : "2.53521126761",
      "_RespBest_" : "23.9436619718",
      "_CumPctResp_" : "61.8055555556",
      "_DataRole_" : "TEST",
      "_NEventsBest_" : "17",
      "_CumResp_" : "62.676056338",
      "_PctRespBest_" : "94.4444444444",
      "_Gain_" : "2.1338028169",
      "_CumLift_" : "3.1338028169",
      "_CumPctRespBest_" : "98.6111111111",
      "_Value_" : "0.457489878543",
      "_Event_" : "1",
      "_NEvents_" : "9",
      "_PctResp_" : "50",
      "_LiftBest_" : "4.78873239437",
      "_PartInd__f" : "           2",
      "_PartInd_" : "2",
      "_Resp_" : "12.676056338",
      "_GainBest_" : "4"
    },
    "rowNumber" : 47,
    "header" : null
  }, {
    "dataMap" : {
      "_CumLiftBest_" : "4",
      "_NObs_" : "18",
      "_Depth_" : "25",
      "_CumRespBest_" : "100",
      "_Column_" : "P_BAD1",
      "_Lift_" : "1.03985615823",
      "_RespBest_" : "0",
      "_CumPctResp_" : "53.5460992908",
      "_DataRole_" : "TEST",
      "_NEventsBest_" : "0",
      "_CumResp_" : "67.8753371292",
      "_PctRespBest_" : "0",
      "_Gain_" : "1.71501348517",
      "_CumLift_" : "2.71501348517",
      "_CumPctRespBest_" : "78.8888888889",
      "_Value_" : "0.0628398791541",
      "_Event_" : "1",
      "_NEvents_" : "3.6914893617",
      "_PctResp_" : "20.5082742317",
      "_LiftBest_" : "0",
      "_PartInd__f" : "           2",
      "_PartInd_" : "2",
      "_Resp_" : "5.19928079113",
      "_GainBest_" : "3"
    },
    "rowNumber" : 48,
    "header" : null
  }, {
    "dataMap" : {
      "_CumLiftBest_" : "3.33333333333",
      "_NObs_" : "18",
      "_Depth_" : "30",
      "_CumRespBest_" : "100",
      "_Column_" : "P_BAD1",
      "_Lift_" : "0.431525322146",
      "_RespBest_" : "0",
      "_CumPctResp_" : "46.0401891253",
      "_DataRole_" : "TEST",
      "_NEventsBest_" : "0",
      "_CumResp_" : "70.0329637399",
      "_PctRespBest_" : "0",
      "_Gain_" : "1.33443212466",
      "_CumLift_" : "2.33443212466",
      "_CumPctRespBest_" : "65.7407407407",
      "_Value_" : "0.0628398791541",
      "_Event_" : "1",
      "_NEvents_" : "1.53191489362",
      "_PctResp_" : "8.51063829787",
      "_LiftBest_" : "0",
      "_PartInd__f" : "           2",
      "_PartInd_" : "2",
      "_Resp_" : "2.15762661073",
      "_GainBest_" : "2.33333333333"
    },
    "rowNumber" : 49,
    "header" : null
  }, {
    "dataMap" : {
      "_CumLiftBest_" : "2.85714285714",
      "_NObs_" : "18",
      "_Depth_" : "35",
      "_CumRespBest_" : "100",
      "_Column_" : "P_BAD1",
      "_Lift_" : "0.431525322146",
      "_RespBest_" : "0",
      "_CumPctResp_" : "40.6788247214",
      "_DataRole_" : "TEST",
      "_NEventsBest_" : "0",
      "_CumResp_" : "72.1905903506",
      "_PctRespBest_" : "0",
      "_Gain_" : "1.06258829573",
      "_CumLift_" : "2.06258829573",
      "_CumPctRespBest_" : "56.3492063492",
      "_Value_" : "0.0628398791541",
      "_Event_" : "1",
      "_NEvents_" : "1.53191489362",
      "_PctResp_" : "8.51063829787",
      "_LiftBest_" : "0",
      "_PartInd__f" : "           2",
      "_PartInd_" : "2",
      "_Resp_" : "2.15762661073",
      "_GainBest_" : "1.85714285714"
    },
    "rowNumber" : 50,
    "header" : null
  }, {
    "dataMap" : {
      "_CumLiftBest_" : "2.5",
      "_NObs_" : "18",
      "_Depth_" : "40",
      "_CumRespBest_" : "100",
      "_Column_" : "P_BAD1",
      "_Lift_" : "0.431525322146",
      "_RespBest_" : "0",
      "_CumPctResp_" : "36.6578014184",
      "_DataRole_" : "TEST",
      "_NEventsBest_" : "0",
      "_CumResp_" : "74.3482169613",
      "_PctRespBest_" : "0",
      "_Gain_" : "0.858705424034",
      "_CumLift_" : "1.85870542403",
      "_CumPctRespBest_" : "49.3055555556",
      "_Value_" : "0.0628398791541",
      "_Event_" : "1",
      "_NEvents_" : "1.53191489362",
      "_PctResp_" : "8.51063829787",
      "_LiftBest_" : "0",
      "_PartInd__f" : "           2",
      "_PartInd_" : "2",
      "_Resp_" : "2.15762661073",
      "_GainBest_" : "1.5"
    },
    "rowNumber" : 51,
    "header" : null
  }, {
    "dataMap" : {
      "_CumLiftBest_" : "2.22222222222",
      "_NObs_" : "18",
      "_Depth_" : "45",
      "_CumRespBest_" : "100",
      "_Column_" : "P_BAD1",
      "_Lift_" : "0.431525322146",
      "_RespBest_" : "0",
      "_CumPctResp_" : "33.5303388495",
      "_DataRole_" : "TEST",
      "_NEventsBest_" : "0",
      "_CumResp_" : "76.5058435721",
      "_PctRespBest_" : "0",
      "_Gain_" : "0.700129857157",
      "_CumLift_" : "1.70012985716",
      "_CumPctRespBest_" : "43.8271604938",
      "_Value_" : "0.0628398791541",
      "_Event_" : "1",
      "_NEvents_" : "1.53191489362",
      "_PctResp_" : "8.51063829787",
      "_LiftBest_" : "0",
      "_PartInd__f" : "           2",
      "_PartInd_" : "2",
      "_Resp_" : "2.15762661073",
      "_GainBest_" : "1.22222222222"
    },
    "rowNumber" : 52,
    "header" : null
  }, {
    "dataMap" : {
      "_CumLiftBest_" : "2",
      "_NObs_" : "18",
      "_Depth_" : "50",
      "_CumRespBest_" : "100",
      "_Column_" : "P_BAD1",
      "_Lift_" : "0.431525322146",
      "_RespBest_" : "0",
      "_CumPctResp_" : "31.0283687943",
      "_DataRole_" : "TEST",
      "_NEventsBest_" : "0",
      "_CumResp_" : "78.6634701828",
      "_PctRespBest_" : "0",
      "_Gain_" : "0.573269403656",
      "_CumLift_" : "1.57326940366",
      "_CumPctRespBest_" : "39.4444444444",
      "_Value_" : "0.0628398791541",
      "_Event_" : "1",
      "_NEvents_" : "1.53191489362",
      "_PctResp_" : "8.51063829787",
      "_LiftBest_" : "0",
      "_PartInd__f" : "           2",
      "_PartInd_" : "2",
      "_Resp_" : "2.15762661073",
      "_GainBest_" : "1"
    },
    "rowNumber" : 53,
    "header" : null
  }, {
    "dataMap" : {
      "_CumLiftBest_" : "1.81818181818",
      "_NObs_" : "18",
      "_Depth_" : "55",
      "_CumRespBest_" : "100",
      "_Column_" : "P_BAD1",
      "_Lift_" : "0.431525322146",
      "_RespBest_" : "0",
      "_CumPctResp_" : "28.9813023856",
      "_DataRole_" : "TEST",
      "_NEventsBest_" : "0",
      "_CumResp_" : "80.8210967935",
      "_PctRespBest_" : "0",
      "_Gain_" : "0.469474487155",
      "_CumLift_" : "1.46947448716",
      "_CumPctRespBest_" : "35.8585858586",
      "_Value_" : "0.0628398791541",
      "_Event_" : "1",
      "_NEvents_" : "1.53191489362",
      "_PctResp_" : "8.51063829787",
      "_LiftBest_" : "0",
      "_PartInd__f" : "           2",
      "_PartInd_" : "2",
      "_Resp_" : "2.15762661073",
      "_GainBest_" : "0.818181818182"
    },
    "rowNumber" : 54,
    "header" : null
  }, {
    "dataMap" : {
      "_CumLiftBest_" : "1.66666666667",
      "_NObs_" : "18",
      "_Depth_" : "60",
      "_CumRespBest_" : "100",
      "_Column_" : "P_BAD1",
      "_Lift_" : "0.431525322146",
      "_RespBest_" : "0",
      "_CumPctResp_" : "27.2754137116",
      "_DataRole_" : "TEST",
      "_NEventsBest_" : "0",
      "_CumResp_" : "82.9787234043",
      "_PctRespBest_" : "0",
      "_Gain_" : "0.382978723404",
      "_CumLift_" : "1.3829787234",
      "_CumPctRespBest_" : "32.8703703704",
      "_Value_" : "0.0628398791541",
      "_Event_" : "1",
      "_NEvents_" : "1.53191489362",
      "_PctResp_" : "8.51063829787",
      "_LiftBest_" : "0",
      "_PartInd__f" : "           2",
      "_PartInd_" : "2",
      "_Resp_" : "2.15762661073",
      "_GainBest_" : "0.666666666667"
    },
    "rowNumber" : 55,
    "header" : null
  }, {
    "dataMap" : {
      "_CumLiftBest_" : "1.53846153846",
      "_NObs_" : "18",
      "_Depth_" : "65",
      "_CumRespBest_" : "100",
      "_Column_" : "P_BAD1",
      "_Lift_" : "0.431525322146",
      "_RespBest_" : "0",
      "_CumPctResp_" : "25.831969449",
      "_DataRole_" : "TEST",
      "_NEventsBest_" : "0",
      "_CumResp_" : "85.136350015",
      "_PctRespBest_" : "0",
      "_Gain_" : "0.309790000231",
      "_CumLift_" : "1.30979000023",
      "_CumPctRespBest_" : "30.3418803419",
      "_Value_" : "0.0628398791541",
      "_Event_" : "1",
      "_NEvents_" : "1.53191489362",
      "_PctResp_" : "8.51063829787",
      "_LiftBest_" : "0",
      "_PartInd__f" : "           2",
      "_PartInd_" : "2",
      "_Resp_" : "2.15762661073",
      "_GainBest_" : "0.538461538462"
    },
    "rowNumber" : 56,
    "header" : null
  }, {
    "dataMap" : {
      "_CumLiftBest_" : "1.42857142857",
      "_NObs_" : "18",
      "_Depth_" : "70",
      "_CumRespBest_" : "100",
      "_Column_" : "P_BAD1",
      "_Lift_" : "0.431525322146",
      "_RespBest_" : "0",
      "_CumPctResp_" : "24.5947315096",
      "_DataRole_" : "TEST",
      "_NEventsBest_" : "0",
      "_CumResp_" : "87.2939766257",
      "_PctRespBest_" : "0",
      "_Gain_" : "0.247056808939",
      "_CumLift_" : "1.24705680894",
      "_CumPctRespBest_" : "28.1746031746",
      "_Value_" : "0.0628398791541",
      "_Event_" : "1",
      "_NEvents_" : "1.53191489362",
      "_PctResp_" : "8.51063829787",
      "_LiftBest_" : "0",
      "_PartInd__f" : "           2",
      "_PartInd_" : "2",
      "_Resp_" : "2.15762661073",
      "_GainBest_" : "0.428571428571"
    },
    "rowNumber" : 57,
    "header" : null
  }, {
    "dataMap" : {
      "_CumLiftBest_" : "1.33333333333",
      "_NObs_" : "18",
      "_Depth_" : "75",
      "_CumRespBest_" : "100",
      "_Column_" : "P_BAD1",
      "_Lift_" : "0.431525322146",
      "_RespBest_" : "0",
      "_CumPctResp_" : "23.5224586288",
      "_DataRole_" : "TEST",
      "_NEventsBest_" : "0",
      "_CumResp_" : "89.4516032364",
      "_PctRespBest_" : "0",
      "_Gain_" : "0.192688043153",
      "_CumLift_" : "1.19268804315",
      "_CumPctRespBest_" : "26.2962962963",
      "_Value_" : "0.0628398791541",
      "_Event_" : "1",
      "_NEvents_" : "1.53191489362",
      "_PctResp_" : "8.51063829787",
      "_LiftBest_" : "0",
      "_PartInd__f" : "           2",
      "_PartInd_" : "2",
      "_Resp_" : "2.15762661073",
      "_GainBest_" : "0.333333333333"
    },
    "rowNumber" : 58,
    "header" : null
  }, {
    "dataMap" : {
      "_CumLiftBest_" : "1.25",
      "_NObs_" : "18",
      "_Depth_" : "80",
      "_CumRespBest_" : "100",
      "_Column_" : "P_BAD1",
      "_Lift_" : "0.431525322146",
      "_RespBest_" : "0",
      "_CumPctResp_" : "22.5842198582",
      "_DataRole_" : "TEST",
      "_NEventsBest_" : "0",
      "_CumResp_" : "91.6092298472",
      "_PctRespBest_" : "0",
      "_Gain_" : "0.14511537309",
      "_CumLift_" : "1.14511537309",
      "_CumPctRespBest_" : "24.6527777778",
      "_Value_" : "0.0628398791541",
      "_Event_" : "1",
      "_NEvents_" : "1.53191489362",
      "_PctResp_" : "8.51063829787",
      "_LiftBest_" : "0",
      "_PartInd__f" : "           2",
      "_PartInd_" : "2",
      "_Resp_" : "2.15762661073",
      "_GainBest_" : "0.25"
    },
    "rowNumber" : 59,
    "header" : null
  }, {
    "dataMap" : {
      "_CumLiftBest_" : "1.17647058824",
      "_NObs_" : "18",
      "_Depth_" : "85",
      "_CumRespBest_" : "100",
      "_Column_" : "P_BAD1",
      "_Lift_" : "0.431525322146",
      "_RespBest_" : "0",
      "_CumPctResp_" : "21.7563621193",
      "_DataRole_" : "TEST",
      "_NEventsBest_" : "0",
      "_CumResp_" : "93.7668564579",
      "_PctRespBest_" : "0",
      "_Gain_" : "0.10313948774",
      "_CumLift_" : "1.10313948774",
      "_CumPctRespBest_" : "23.2026143791",
      "_Value_" : "0.0628398791541",
      "_Event_" : "1",
      "_NEvents_" : "1.53191489362",
      "_PctResp_" : "8.51063829787",
      "_LiftBest_" : "0",
      "_PartInd__f" : "           2",
      "_PartInd_" : "2",
      "_Resp_" : "2.15762661073",
      "_GainBest_" : "0.176470588235"
    },
    "rowNumber" : 60,
    "header" : null
  }, {
    "dataMap" : {
      "_CumLiftBest_" : "1.11111111111",
      "_NObs_" : "18",
      "_Depth_" : "90",
      "_CumRespBest_" : "100",
      "_Column_" : "P_BAD1",
      "_Lift_" : "0.431525322146",
      "_RespBest_" : "0",
      "_CumPctResp_" : "21.0204885737",
      "_DataRole_" : "TEST",
      "_NEventsBest_" : "0",
      "_CumResp_" : "95.9244830686",
      "_PctRespBest_" : "0",
      "_Gain_" : "0.0658275896514",
      "_CumLift_" : "1.06582758965",
      "_CumPctRespBest_" : "21.9135802469",
      "_Value_" : "0.0628398791541",
      "_Event_" : "1",
      "_NEvents_" : "1.53191489362",
      "_PctResp_" : "8.51063829787",
      "_LiftBest_" : "0",
      "_PartInd__f" : "           2",
      "_PartInd_" : "2",
      "_Resp_" : "2.15762661073",
      "_GainBest_" : "0.111111111111"
    },
    "rowNumber" : 61,
    "header" : null
  }, {
    "dataMap" : {
      "_CumLiftBest_" : "1.05263157895",
      "_NObs_" : "18",
      "_Depth_" : "95",
      "_CumRespBest_" : "100",
      "_Column_" : "P_BAD1",
      "_Lift_" : "0.431525322146",
      "_RespBest_" : "0",
      "_CumPctResp_" : "20.3620754013",
      "_DataRole_" : "TEST",
      "_NEventsBest_" : "0",
      "_CumResp_" : "98.0821096794",
      "_PctRespBest_" : "0",
      "_Gain_" : "0.0324432597827",
      "_CumLift_" : "1.03244325978",
      "_CumPctRespBest_" : "20.7602339181",
      "_Value_" : "0.0628398791541",
      "_Event_" : "1",
      "_NEvents_" : "1.53191489362",
      "_PctResp_" : "8.51063829787",
      "_LiftBest_" : "0",
      "_PartInd__f" : "           2",
      "_PartInd_" : "2",
      "_Resp_" : "2.15762661073",
      "_GainBest_" : "0.0526315789474"
    },
    "rowNumber" : 62,
    "header" : null
  }, {
    "dataMap" : {
      "_CumLiftBest_" : "1",
      "_NObs_" : "16",
      "_Depth_" : "100",
      "_CumRespBest_" : "100",
      "_Column_" : "P_BAD1",
      "_Lift_" : "0.383578064129",
      "_RespBest_" : "0",
      "_CumPctResp_" : "19.8324022346",
      "_DataRole_" : "TEST",
      "_NEventsBest_" : "0",
      "_CumResp_" : "100",
      "_PctRespBest_" : "0",
      "_Gain_" : "2.22044604925E-16",
      "_CumLift_" : "1",
      "_CumPctRespBest_" : "19.8324022346",
      "_Value_" : "0.0628398791541",
      "_Event_" : "1",
      "_NEvents_" : "1.36170212766",
      "_PctResp_" : "8.51063829787",
      "_LiftBest_" : "0",
      "_PartInd__f" : "           2",
      "_PartInd_" : "2",
      "_Resp_" : "1.91789032065",
      "_GainBest_" : "0"
    },
    "rowNumber" : 63,
    "header" : null
  } ],
  "version" : 1,
  "xInteger" : false,
  "yInteger" : false
}