{
  "creationTimeStamp" : null,
  "modifiedTimeStamp" : null,
  "createdBy" : null,
  "modifiedBy" : null,
  "id" : null,
  "name" : "dmcas_fitstat",
  "description" : null,
  "revision" : 0,
  "order" : 0,
  "type" : null,
  "parameterMap" : {
    "_RASE_" : {
      "parameter" : "_RASE_",
      "type" : "num",
      "label" : "Root Average Squared Error",
      "length" : 8,
      "order" : 7,
      "values" : [ "_RASE_" ],
      "preformatted" : false
    },
    "_NObs_" : {
      "parameter" : "_NObs_",
      "type" : "num",
      "label" : "Sum of Frequencies",
      "length" : 8,
      "order" : 4,
      "values" : [ "_NObs_" ],
      "preformatted" : false
    },
    "_GINI_" : {
      "parameter" : "_GINI_",
      "type" : "num",
      "label" : "Gini Coefficient",
      "length" : 8,
      "order" : 12,
      "values" : [ "_GINI_" ],
      "preformatted" : false
    },
    "_GAMMA_" : {
      "parameter" : "_GAMMA_",
      "type" : "num",
      "label" : "Gamma",
      "length" : 8,
      "order" : 13,
      "values" : [ "_GAMMA_" ],
      "preformatted" : false
    },
    "_DataRole_" : {
      "parameter" : "_DataRole_",
      "type" : "char",
      "label" : "Data Role",
      "length" : 10,
      "order" : 1,
      "values" : [ "_DataRole_" ],
      "preformatted" : false
    },
    "_MCE_" : {
      "parameter" : "_MCE_",
      "type" : "num",
      "label" : "Misclassification Rate",
      "length" : 8,
      "order" : 8,
      "values" : [ "_MCE_" ],
      "preformatted" : false
    },
    "_ASE_" : {
      "parameter" : "_ASE_",
      "type" : "num",
      "label" : "Average Squared Error",
      "length" : 8,
      "order" : 5,
      "values" : [ "_ASE_" ],
      "preformatted" : false
    },
    "_MCLL_" : {
      "parameter" : "_MCLL_",
      "type" : "num",
      "label" : "Multi-Class Log Loss",
      "length" : 8,
      "order" : 9,
      "values" : [ "_MCLL_" ],
      "preformatted" : false
    },
    "_KS_" : {
      "parameter" : "_KS_",
      "type" : "num",
      "label" : "KS (Youden)",
      "length" : 8,
      "order" : 10,
      "values" : [ "_KS_" ],
      "preformatted" : false
    },
    "_KSPostCutoff_" : {
      "parameter" : "_KSPostCutoff_",
      "type" : "num",
      "label" : "ROC Separation",
      "length" : 8,
      "order" : 16,
      "values" : [ "_KSPostCutoff_" ],
      "preformatted" : false
    },
    "_DIV_" : {
      "parameter" : "_DIV_",
      "type" : "num",
      "label" : "Divisor for ASE",
      "length" : 8,
      "order" : 6,
      "values" : [ "_DIV_" ],
      "preformatted" : false
    },
    "_TAU_" : {
      "parameter" : "_TAU_",
      "type" : "num",
      "label" : "Tau",
      "length" : 8,
      "order" : 14,
      "values" : [ "_TAU_" ],
      "preformatted" : false
    },
    "_KSCut_" : {
      "parameter" : "_KSCut_",
      "type" : "num",
      "label" : "KS Cutoff",
      "length" : 8,
      "order" : 15,
      "values" : [ "_KSCut_" ],
      "preformatted" : false
    },
    "_C_" : {
      "parameter" : "_C_",
      "type" : "num",
      "label" : "Area Under ROC",
      "length" : 8,
      "order" : 11,
      "values" : [ "_C_" ],
      "preformatted" : false
    },
    "_PartInd__f" : {
      "parameter" : "_PartInd__f",
      "type" : "char",
      "label" : "Formatted Partition",
      "length" : 12,
      "order" : 3,
      "values" : [ "_PartInd__f" ],
      "preformatted" : false
    },
    "_PartInd_" : {
      "parameter" : "_PartInd_",
      "type" : "num",
      "label" : "Partition Indicator",
      "length" : 8,
      "order" : 2,
      "values" : [ "_PartInd_" ],
      "preformatted" : false
    }
  },
  "data" : [ {
    "dataMap" : {
      "_RASE_" : "0.332830346094",
      "_NObs_" : "358",
      "_GINI_" : "0.578593512293",
      "_GAMMA_" : "0.863103953148",
      "_DataRole_" : "TEST",
      "_MCE_" : "0.150837988827",
      "_ASE_" : "0.110776039281",
      "_MCLL_" : "0.595893263072",
      "_KS_" : "0.564410855376",
      "_KSPostCutoff_" : "0.3136379251",
      "_DIV_" : "358",
      "_TAU_" : "0.184498380358",
      "_KSCut_" : "0.15",
      "_C_" : "0.789296756147",
      "_PartInd__f" : "           2",
      "_PartInd_" : "2"
    },
    "rowNumber" : 1,
    "header" : null
  }, {
    "dataMap" : {
      "_RASE_" : "0.286921275883",
      "_NObs_" : "2147",
      "_GINI_" : "0.703215301224",
      "_GAMMA_" : "0.926835297911",
      "_DataRole_" : "TRAIN",
      "_MCE_" : "0.11178388449",
      "_ASE_" : "0.0823238185543",
      "_MCLL_" : "0.287265661003",
      "_KS_" : "0.661586012298",
      "_KSPostCutoff_" : "0.4725919221",
      "_DIV_" : "2147",
      "_TAU_" : "0.224582644415",
      "_KSCut_" : "0.15",
      "_C_" : "0.851607650612",
      "_PartInd__f" : "           1",
      "_PartInd_" : "1"
    },
    "rowNumber" : 2,
    "header" : null
  }, {
    "dataMap" : {
      "_RASE_" : "0.30815274011",
      "_NObs_" : "1074",
      "_GINI_" : "0.663257987394",
      "_GAMMA_" : "0.901841125362",
      "_DataRole_" : "VALIDATE",
      "_MCE_" : "0.129422718808",
      "_ASE_" : "0.0949581112372",
      "_MCLL_" : "0.435204454128",
      "_KS_" : "0.62785264073",
      "_KSPostCutoff_" : "0.3925885677",
      "_DIV_" : "1074",
      "_TAU_" : "0.211846213387",
      "_KSCut_" : "0.1",
      "_C_" : "0.831628993697",
      "_PartInd__f" : "           0",
      "_PartInd_" : "0"
    },
    "rowNumber" : 3,
    "header" : null
  } ],
  "version" : 1,
  "xInteger" : false,
  "yInteger" : false
}