{
   "creationTimeStamp": "2024-04-01T20:51:40.533Z",
   "createdBy": "edmdev",
   "modifiedTimeStamp": "2024-04-01T20:53:26.054Z",
   "modifiedBy": "edmdev",
   "id": "a651b4dd-9259-4b6d-9df9-39d5829c4c4e",
   "name": "QS_Reg1 EP2",
   "description": "Logistic Regression",
   "scoreCodeType": "dataStep",
   "algorithm": "logisticreg",
   "function": "classification",
   "modeler": "sasdemo",
   "modelType": "dataStep",
   "trainTable": "/dataTables/dataSources/cas~fs~cas-shared-default~fs~Public/tables/HMEQ_TRAIN",
   "eventProbVar": "EM_EVENTPROBABILITY",
   "targetVariable": "BAD",
   "targetEvent": "1",
   "targetLevel": "binary",
   "tool": "Model Studio",
   "toolVersion": "8.3",
   "publishTimeStamp": 1712004802295,
   "modelVersionName": "2.0",
   "custom properties": []
}