{
   "creationTimeStamp": "2024-03-29T17:37:53.677Z",
   "createdBy": "edmdev",
   "modifiedTimeStamp": "2024-03-29T17:37:56.533Z",
   "modifiedBy": "edmdev",
   "id": "1292a2b8-de9a-4005-9feb-24a3ed6242c6",
   "name": "Auto_Model_1711733872.zip",
   "description": "Decision Tree",
   "scoreCodeType": "dataStep",
   "algorithm": "tree",
   "function": "classification",
   "modeler": "sasdemo",
   "modelType": "dataStep",
   "trainTable": "/dataTables/dataSources/cas~fs~cas-shared-default~fs~Public/tables/HMEQ_TRAIN",
   "eventProbVar": "EM_EVENTPROBABILITY",
   "targetVariable": "BAD",
   "targetEvent": "1",
   "targetLevel": "binary",
   "tool": "Model Studio",
   "toolVersion": "8.3",
   "externalModelId": "0895f86a-dff5-4b5e-ab40-f7a53f476979",
   "modelVersionName": "1.0",
   "custom properties": []
}