{
   "creationTimeStamp": "2024-03-29T17:50:11.427Z",
   "createdBy": "edmdev",
   "modifiedTimeStamp": "2024-03-29T17:50:14.374Z",
   "modifiedBy": "edmdev",
   "id": "a9f72521-0102-408c-9bf4-00f93a5437ee",
   "name": "Auto_Model_1711734610.zip",
   "description": "Decision Tree",
   "scoreCodeType": "dataStep",
   "algorithm": "tree",
   "function": "classification",
   "modeler": "sasdemo",
   "modelType": "dataStep",
   "trainTable": "/dataTables/dataSources/cas~fs~cas-shared-default~fs~Public/tables/HMEQ_TRAIN",
   "eventProbVar": "EM_EVENTPROBABILITY",
   "targetVariable": "BAD",
   "targetEvent": "1",
   "targetLevel": "binary",
   "tool": "Model Studio",
   "toolVersion": "8.3",
   "externalModelId": "0895f86a-dff5-4b5e-ab40-f7a53f476979",
   "modelVersionName": "1.0",
   "custom properties": []
}