{
  "creationTimeStamp" : null,
  "modifiedTimeStamp" : null,
  "createdBy" : null,
  "modifiedBy" : null,
  "id" : null,
  "name" : "dmcas_roc",
  "description" : null,
  "revision" : 0,
  "order" : 0,
  "type" : null,
  "parameterMap" : {
    "_ACC_" : {
      "parameter" : "_ACC_",
      "type" : "num",
      "label" : "Accuracy",
      "length" : 8,
      "order" : 17,
      "values" : [ "_ACC_" ],
      "preformatted" : false
    },
    "_TP_" : {
      "parameter" : "_TP_",
      "type" : "num",
      "label" : "True Positive",
      "length" : 8,
      "order" : 7,
      "values" : [ "_TP_" ],
      "preformatted" : false
    },
    "_OneMinusSpecificity_" : {
      "parameter" : "_OneMinusSpecificity_",
      "type" : "num",
      "label" : "1 - Specificity",
      "length" : 8,
      "order" : 21,
      "values" : [ "_OneMinusSpecificity_" ],
      "preformatted" : false
    },
    "_Column_" : {
      "parameter" : "_Column_",
      "type" : "char",
      "label" : "Analysis Variable",
      "length" : 6,
      "order" : 4,
      "values" : [ "_Column_" ],
      "preformatted" : false
    },
    "_TN_" : {
      "parameter" : "_TN_",
      "type" : "num",
      "label" : "True Negative",
      "length" : 8,
      "order" : 10,
      "values" : [ "_TN_" ],
      "preformatted" : false
    },
    "_KS2_" : {
      "parameter" : "_KS2_",
      "type" : "num",
      "label" : "ROC Separation",
      "length" : 8,
      "order" : 14,
      "values" : [ "_KS2_" ],
      "preformatted" : false
    },
    "_FPR_" : {
      "parameter" : "_FPR_",
      "type" : "num",
      "label" : "False Positive Rate",
      "length" : 8,
      "order" : 16,
      "values" : [ "_FPR_" ],
      "preformatted" : false
    },
    "_DataRole_" : {
      "parameter" : "_DataRole_",
      "type" : "char",
      "label" : "Data Role",
      "length" : 10,
      "order" : 1,
      "values" : [ "_DataRole_" ],
      "preformatted" : false
    },
    "_FDR_" : {
      "parameter" : "_FDR_",
      "type" : "num",
      "label" : "False Discovery Rate",
      "length" : 8,
      "order" : 18,
      "values" : [ "_FDR_" ],
      "preformatted" : false
    },
    "_MiscEvent_" : {
      "parameter" : "_MiscEvent_",
      "type" : "num",
      "label" : "Misclassification Rate (Event)",
      "length" : 8,
      "order" : 20,
      "values" : [ "_MiscEvent_" ],
      "preformatted" : false
    },
    "_FN_" : {
      "parameter" : "_FN_",
      "type" : "num",
      "label" : "False Negative",
      "length" : 8,
      "order" : 9,
      "values" : [ "_FN_" ],
      "preformatted" : false
    },
    "_KS_" : {
      "parameter" : "_KS_",
      "type" : "num",
      "label" : "KS (Youden)",
      "length" : 8,
      "order" : 13,
      "values" : [ "_KS_" ],
      "preformatted" : false
    },
    "_Sensitivity_" : {
      "parameter" : "_Sensitivity_",
      "type" : "num",
      "label" : "Sensitivity",
      "length" : 8,
      "order" : 11,
      "values" : [ "_Sensitivity_" ],
      "preformatted" : false
    },
    "_Event_" : {
      "parameter" : "_Event_",
      "type" : "char",
      "label" : "Event",
      "length" : 12,
      "order" : 5,
      "values" : [ "_Event_" ],
      "preformatted" : false
    },
    "_F1_" : {
      "parameter" : "_F1_",
      "type" : "num",
      "label" : "F1 Score",
      "length" : 8,
      "order" : 19,
      "values" : [ "_F1_" ],
      "preformatted" : false
    },
    "_FP_" : {
      "parameter" : "_FP_",
      "type" : "num",
      "label" : "False Positive",
      "length" : 8,
      "order" : 8,
      "values" : [ "_FP_" ],
      "preformatted" : false
    },
    "_Cutoff_" : {
      "parameter" : "_Cutoff_",
      "type" : "num",
      "label" : "Cutoff",
      "length" : 8,
      "order" : 6,
      "values" : [ "_Cutoff_" ],
      "preformatted" : false
    },
    "_Specificity_" : {
      "parameter" : "_Specificity_",
      "type" : "num",
      "label" : "Specificity",
      "length" : 8,
      "order" : 12,
      "values" : [ "_Specificity_" ],
      "preformatted" : false
    },
    "_FHALF_" : {
      "parameter" : "_FHALF_",
      "type" : "num",
      "label" : "F0.5 Score",
      "length" : 8,
      "order" : 15,
      "values" : [ "_FHALF_" ],
      "preformatted" : false
    },
    "_PartInd__f" : {
      "parameter" : "_PartInd__f",
      "type" : "char",
      "label" : "Formatted Partition",
      "length" : 12,
      "order" : 3,
      "values" : [ "_PartInd__f" ],
      "preformatted" : false
    },
    "_PartInd_" : {
      "parameter" : "_PartInd_",
      "type" : "num",
      "label" : "Partition Indicator",
      "length" : 8,
      "order" : 2,
      "values" : [ "_PartInd_" ],
      "preformatted" : false
    }
  },
  "data" : [ {
    "dataMap" : {
      "_ACC_" : "0.198324022346",
      "_TP_" : "71",
      "_OneMinusSpecificity_" : "1",
      "_Column_" : "P_BAD1",
      "_TN_" : "0",
      "_KS2_" : "0",
      "_FPR_" : "1",
      "_DataRole_" : "TEST",
      "_FDR_" : "0.801675977654",
      "_MiscEvent_" : "0.801675977654",
      "_FN_" : "0",
      "_KS_" : "0",
      "_Sensitivity_" : "1",
      "_Event_" : "1",
      "_F1_" : "0.331002331002",
      "_FP_" : "287",
      "_Cutoff_" : "0",
      "_Specificity_" : "0",
      "_FHALF_" : "0.23619427811",
      "_PartInd__f" : "           2",
      "_PartInd_" : "2"
    },
    "rowNumber" : 1,
    "header" : null
  }, {
    "dataMap" : {
      "_ACC_" : "0.198324022346",
      "_TP_" : "71",
      "_OneMinusSpecificity_" : "1",
      "_Column_" : "P_BAD1",
      "_TN_" : "0",
      "_KS2_" : "0",
      "_FPR_" : "1",
      "_DataRole_" : "TEST",
      "_FDR_" : "0.801675977654",
      "_MiscEvent_" : "0.801675977654",
      "_FN_" : "0",
      "_KS_" : "0",
      "_Sensitivity_" : "1",
      "_Event_" : "1",
      "_F1_" : "0.331002331002",
      "_FP_" : "287",
      "_Cutoff_" : "0.05",
      "_Specificity_" : "0",
      "_FHALF_" : "0.23619427811",
      "_PartInd__f" : "           2",
      "_PartInd_" : "2"
    },
    "rowNumber" : 2,
    "header" : null
  }, {
    "dataMap" : {
      "_ACC_" : "0.851955307263",
      "_TP_" : "47",
      "_OneMinusSpecificity_" : "0.101045296167",
      "_Column_" : "P_BAD1",
      "_TN_" : "258",
      "_KS2_" : "0.560926534819",
      "_FPR_" : "0.101045296167",
      "_DataRole_" : "TEST",
      "_FDR_" : "0.381578947368",
      "_MiscEvent_" : "0.148044692737",
      "_FN_" : "24",
      "_KS_" : "0",
      "_Sensitivity_" : "0.661971830986",
      "_Event_" : "1",
      "_F1_" : "0.639455782313",
      "_FP_" : "29",
      "_Cutoff_" : "0.1",
      "_Specificity_" : "0.898954703833",
      "_FHALF_" : "0.626666666667",
      "_PartInd__f" : "           2",
      "_PartInd_" : "2"
    },
    "rowNumber" : 3,
    "header" : null
  }, {
    "dataMap" : {
      "_ACC_" : "0.854748603352",
      "_TP_" : "47",
      "_OneMinusSpecificity_" : "0.0975609756098",
      "_Column_" : "P_BAD1",
      "_TN_" : "259",
      "_KS2_" : "0.564410855376",
      "_FPR_" : "0.0975609756098",
      "_DataRole_" : "TEST",
      "_FDR_" : "0.373333333333",
      "_MiscEvent_" : "0.145251396648",
      "_FN_" : "24",
      "_KS_" : "1",
      "_Sensitivity_" : "0.661971830986",
      "_Event_" : "1",
      "_F1_" : "0.643835616438",
      "_FP_" : "28",
      "_Cutoff_" : "0.15",
      "_Specificity_" : "0.90243902439",
      "_FHALF_" : "0.633423180593",
      "_PartInd__f" : "           2",
      "_PartInd_" : "2"
    },
    "rowNumber" : 4,
    "header" : null
  }, {
    "dataMap" : {
      "_ACC_" : "0.854748603352",
      "_TP_" : "47",
      "_OneMinusSpecificity_" : "0.0975609756098",
      "_Column_" : "P_BAD1",
      "_TN_" : "259",
      "_KS2_" : "0.564410855376",
      "_FPR_" : "0.0975609756098",
      "_DataRole_" : "TEST",
      "_FDR_" : "0.373333333333",
      "_MiscEvent_" : "0.145251396648",
      "_FN_" : "24",
      "_KS_" : "0",
      "_Sensitivity_" : "0.661971830986",
      "_Event_" : "1",
      "_F1_" : "0.643835616438",
      "_FP_" : "28",
      "_Cutoff_" : "0.2",
      "_Specificity_" : "0.90243902439",
      "_FHALF_" : "0.633423180593",
      "_PartInd__f" : "           2",
      "_PartInd_" : "2"
    },
    "rowNumber" : 5,
    "header" : null
  }, {
    "dataMap" : {
      "_ACC_" : "0.854748603352",
      "_TP_" : "47",
      "_OneMinusSpecificity_" : "0.0975609756098",
      "_Column_" : "P_BAD1",
      "_TN_" : "259",
      "_KS2_" : "0.564410855376",
      "_FPR_" : "0.0975609756098",
      "_DataRole_" : "TEST",
      "_FDR_" : "0.373333333333",
      "_MiscEvent_" : "0.145251396648",
      "_FN_" : "24",
      "_KS_" : "0",
      "_Sensitivity_" : "0.661971830986",
      "_Event_" : "1",
      "_F1_" : "0.643835616438",
      "_FP_" : "28",
      "_Cutoff_" : "0.25",
      "_Specificity_" : "0.90243902439",
      "_FHALF_" : "0.633423180593",
      "_PartInd__f" : "           2",
      "_PartInd_" : "2"
    },
    "rowNumber" : 6,
    "header" : null
  }, {
    "dataMap" : {
      "_ACC_" : "0.854748603352",
      "_TP_" : "47",
      "_OneMinusSpecificity_" : "0.0975609756098",
      "_Column_" : "P_BAD1",
      "_TN_" : "259",
      "_KS2_" : "0.564410855376",
      "_FPR_" : "0.0975609756098",
      "_DataRole_" : "TEST",
      "_FDR_" : "0.373333333333",
      "_MiscEvent_" : "0.145251396648",
      "_FN_" : "24",
      "_KS_" : "0",
      "_Sensitivity_" : "0.661971830986",
      "_Event_" : "1",
      "_F1_" : "0.643835616438",
      "_FP_" : "28",
      "_Cutoff_" : "0.3",
      "_Specificity_" : "0.90243902439",
      "_FHALF_" : "0.633423180593",
      "_PartInd__f" : "           2",
      "_PartInd_" : "2"
    },
    "rowNumber" : 7,
    "header" : null
  }, {
    "dataMap" : {
      "_ACC_" : "0.854748603352",
      "_TP_" : "47",
      "_OneMinusSpecificity_" : "0.0975609756098",
      "_Column_" : "P_BAD1",
      "_TN_" : "259",
      "_KS2_" : "0.564410855376",
      "_FPR_" : "0.0975609756098",
      "_DataRole_" : "TEST",
      "_FDR_" : "0.373333333333",
      "_MiscEvent_" : "0.145251396648",
      "_FN_" : "24",
      "_KS_" : "0",
      "_Sensitivity_" : "0.661971830986",
      "_Event_" : "1",
      "_F1_" : "0.643835616438",
      "_FP_" : "28",
      "_Cutoff_" : "0.35",
      "_Specificity_" : "0.90243902439",
      "_FHALF_" : "0.633423180593",
      "_PartInd__f" : "           2",
      "_PartInd_" : "2"
    },
    "rowNumber" : 8,
    "header" : null
  }, {
    "dataMap" : {
      "_ACC_" : "0.854748603352",
      "_TP_" : "47",
      "_OneMinusSpecificity_" : "0.0975609756098",
      "_Column_" : "P_BAD1",
      "_TN_" : "259",
      "_KS2_" : "0.564410855376",
      "_FPR_" : "0.0975609756098",
      "_DataRole_" : "TEST",
      "_FDR_" : "0.373333333333",
      "_MiscEvent_" : "0.145251396648",
      "_FN_" : "24",
      "_KS_" : "0",
      "_Sensitivity_" : "0.661971830986",
      "_Event_" : "1",
      "_F1_" : "0.643835616438",
      "_FP_" : "28",
      "_Cutoff_" : "0.4",
      "_Specificity_" : "0.90243902439",
      "_FHALF_" : "0.633423180593",
      "_PartInd__f" : "           2",
      "_PartInd_" : "2"
    },
    "rowNumber" : 9,
    "header" : null
  }, {
    "dataMap" : {
      "_ACC_" : "0.849162011173",
      "_TP_" : "45",
      "_OneMinusSpecificity_" : "0.0975609756098",
      "_Column_" : "P_BAD1",
      "_TN_" : "259",
      "_KS2_" : "0.536241841292",
      "_FPR_" : "0.0975609756098",
      "_DataRole_" : "TEST",
      "_FDR_" : "0.383561643836",
      "_MiscEvent_" : "0.150837988827",
      "_FN_" : "26",
      "_KS_" : "0",
      "_Sensitivity_" : "0.633802816901",
      "_Event_" : "1",
      "_F1_" : "0.625",
      "_FP_" : "28",
      "_Cutoff_" : "0.45",
      "_Specificity_" : "0.90243902439",
      "_FHALF_" : "0.619834710744",
      "_PartInd__f" : "           2",
      "_PartInd_" : "2"
    },
    "rowNumber" : 10,
    "header" : null
  }, {
    "dataMap" : {
      "_ACC_" : "0.849162011173",
      "_TP_" : "24",
      "_OneMinusSpecificity_" : "0.0243902439024",
      "_Column_" : "P_BAD1",
      "_TN_" : "280",
      "_KS2_" : "0.313637925112",
      "_FPR_" : "0.0243902439024",
      "_DataRole_" : "TEST",
      "_FDR_" : "0.225806451613",
      "_MiscEvent_" : "0.150837988827",
      "_FN_" : "47",
      "_KS_" : "0",
      "_Sensitivity_" : "0.338028169014",
      "_Event_" : "1",
      "_F1_" : "0.470588235294",
      "_FP_" : "7",
      "_Cutoff_" : "0.5",
      "_Specificity_" : "0.975609756098",
      "_FHALF_" : "0.615384615385",
      "_PartInd__f" : "           2",
      "_PartInd_" : "2"
    },
    "rowNumber" : 11,
    "header" : null
  }, {
    "dataMap" : {
      "_ACC_" : "0.849162011173",
      "_TP_" : "24",
      "_OneMinusSpecificity_" : "0.0243902439024",
      "_Column_" : "P_BAD1",
      "_TN_" : "280",
      "_KS2_" : "0.313637925112",
      "_FPR_" : "0.0243902439024",
      "_DataRole_" : "TEST",
      "_FDR_" : "0.225806451613",
      "_MiscEvent_" : "0.150837988827",
      "_FN_" : "47",
      "_KS_" : "0",
      "_Sensitivity_" : "0.338028169014",
      "_Event_" : "1",
      "_F1_" : "0.470588235294",
      "_FP_" : "7",
      "_Cutoff_" : "0.55",
      "_Specificity_" : "0.975609756098",
      "_FHALF_" : "0.615384615385",
      "_PartInd__f" : "           2",
      "_PartInd_" : "2"
    },
    "rowNumber" : 12,
    "header" : null
  }, {
    "dataMap" : {
      "_ACC_" : "0.849162011173",
      "_TP_" : "24",
      "_OneMinusSpecificity_" : "0.0243902439024",
      "_Column_" : "P_BAD1",
      "_TN_" : "280",
      "_KS2_" : "0.313637925112",
      "_FPR_" : "0.0243902439024",
      "_DataRole_" : "TEST",
      "_FDR_" : "0.225806451613",
      "_MiscEvent_" : "0.150837988827",
      "_FN_" : "47",
      "_KS_" : "0",
      "_Sensitivity_" : "0.338028169014",
      "_Event_" : "1",
      "_F1_" : "0.470588235294",
      "_FP_" : "7",
      "_Cutoff_" : "0.6",
      "_Specificity_" : "0.975609756098",
      "_FHALF_" : "0.615384615385",
      "_PartInd__f" : "           2",
      "_PartInd_" : "2"
    },
    "rowNumber" : 13,
    "header" : null
  }, {
    "dataMap" : {
      "_ACC_" : "0.849162011173",
      "_TP_" : "24",
      "_OneMinusSpecificity_" : "0.0243902439024",
      "_Column_" : "P_BAD1",
      "_TN_" : "280",
      "_KS2_" : "0.313637925112",
      "_FPR_" : "0.0243902439024",
      "_DataRole_" : "TEST",
      "_FDR_" : "0.225806451613",
      "_MiscEvent_" : "0.150837988827",
      "_FN_" : "47",
      "_KS_" : "0",
      "_Sensitivity_" : "0.338028169014",
      "_Event_" : "1",
      "_F1_" : "0.470588235294",
      "_FP_" : "7",
      "_Cutoff_" : "0.65",
      "_Specificity_" : "0.975609756098",
      "_FHALF_" : "0.615384615385",
      "_PartInd__f" : "           2",
      "_PartInd_" : "2"
    },
    "rowNumber" : 14,
    "header" : null
  }, {
    "dataMap" : {
      "_ACC_" : "0.849162011173",
      "_TP_" : "24",
      "_OneMinusSpecificity_" : "0.0243902439024",
      "_Column_" : "P_BAD1",
      "_TN_" : "280",
      "_KS2_" : "0.313637925112",
      "_FPR_" : "0.0243902439024",
      "_DataRole_" : "TEST",
      "_FDR_" : "0.225806451613",
      "_MiscEvent_" : "0.150837988827",
      "_FN_" : "47",
      "_KS_" : "0",
      "_Sensitivity_" : "0.338028169014",
      "_Event_" : "1",
      "_F1_" : "0.470588235294",
      "_FP_" : "7",
      "_Cutoff_" : "0.7",
      "_Specificity_" : "0.975609756098",
      "_FHALF_" : "0.615384615385",
      "_PartInd__f" : "           2",
      "_PartInd_" : "2"
    },
    "rowNumber" : 15,
    "header" : null
  }, {
    "dataMap" : {
      "_ACC_" : "0.849162011173",
      "_TP_" : "24",
      "_OneMinusSpecificity_" : "0.0243902439024",
      "_Column_" : "P_BAD1",
      "_TN_" : "280",
      "_KS2_" : "0.313637925112",
      "_FPR_" : "0.0243902439024",
      "_DataRole_" : "TEST",
      "_FDR_" : "0.225806451613",
      "_MiscEvent_" : "0.150837988827",
      "_FN_" : "47",
      "_KS_" : "0",
      "_Sensitivity_" : "0.338028169014",
      "_Event_" : "1",
      "_F1_" : "0.470588235294",
      "_FP_" : "7",
      "_Cutoff_" : "0.75",
      "_Specificity_" : "0.975609756098",
      "_FHALF_" : "0.615384615385",
      "_PartInd__f" : "           2",
      "_PartInd_" : "2"
    },
    "rowNumber" : 16,
    "header" : null
  }, {
    "dataMap" : {
      "_ACC_" : "0.835195530726",
      "_TP_" : "16",
      "_OneMinusSpecificity_" : "0.01393728223",
      "_Column_" : "P_BAD1",
      "_TN_" : "283",
      "_KS2_" : "0.211414830446",
      "_FPR_" : "0.01393728223",
      "_DataRole_" : "TEST",
      "_FDR_" : "0.2",
      "_MiscEvent_" : "0.164804469274",
      "_FN_" : "55",
      "_KS_" : "0",
      "_Sensitivity_" : "0.225352112676",
      "_Event_" : "1",
      "_F1_" : "0.351648351648",
      "_FP_" : "4",
      "_Cutoff_" : "0.8",
      "_Specificity_" : "0.98606271777",
      "_FHALF_" : "0.529801324503",
      "_PartInd__f" : "           2",
      "_PartInd_" : "2"
    },
    "rowNumber" : 17,
    "header" : null
  }, {
    "dataMap" : {
      "_ACC_" : "0.835195530726",
      "_TP_" : "16",
      "_OneMinusSpecificity_" : "0.01393728223",
      "_Column_" : "P_BAD1",
      "_TN_" : "283",
      "_KS2_" : "0.211414830446",
      "_FPR_" : "0.01393728223",
      "_DataRole_" : "TEST",
      "_FDR_" : "0.2",
      "_MiscEvent_" : "0.164804469274",
      "_FN_" : "55",
      "_KS_" : "0",
      "_Sensitivity_" : "0.225352112676",
      "_Event_" : "1",
      "_F1_" : "0.351648351648",
      "_FP_" : "4",
      "_Cutoff_" : "0.85",
      "_Specificity_" : "0.98606271777",
      "_FHALF_" : "0.529801324503",
      "_PartInd__f" : "           2",
      "_PartInd_" : "2"
    },
    "rowNumber" : 18,
    "header" : null
  }, {
    "dataMap" : {
      "_ACC_" : "0.835195530726",
      "_TP_" : "16",
      "_OneMinusSpecificity_" : "0.01393728223",
      "_Column_" : "P_BAD1",
      "_TN_" : "283",
      "_KS2_" : "0.211414830446",
      "_FPR_" : "0.01393728223",
      "_DataRole_" : "TEST",
      "_FDR_" : "0.2",
      "_MiscEvent_" : "0.164804469274",
      "_FN_" : "55",
      "_KS_" : "0",
      "_Sensitivity_" : "0.225352112676",
      "_Event_" : "1",
      "_F1_" : "0.351648351648",
      "_FP_" : "4",
      "_Cutoff_" : "0.9",
      "_Specificity_" : "0.98606271777",
      "_FHALF_" : "0.529801324503",
      "_PartInd__f" : "           2",
      "_PartInd_" : "2"
    },
    "rowNumber" : 19,
    "header" : null
  }, {
    "dataMap" : {
      "_ACC_" : "0.832402234637",
      "_TP_" : "15",
      "_OneMinusSpecificity_" : "0.01393728223",
      "_Column_" : "P_BAD1",
      "_TN_" : "283",
      "_KS2_" : "0.197330323404",
      "_FPR_" : "0.01393728223",
      "_DataRole_" : "TEST",
      "_FDR_" : "0.210526315789",
      "_MiscEvent_" : "0.167597765363",
      "_FN_" : "56",
      "_KS_" : "0",
      "_Sensitivity_" : "0.211267605634",
      "_Event_" : "1",
      "_F1_" : "0.333333333333",
      "_FP_" : "4",
      "_Cutoff_" : "0.95",
      "_Specificity_" : "0.98606271777",
      "_FHALF_" : "0.510204081633",
      "_PartInd__f" : "           2",
      "_PartInd_" : "2"
    },
    "rowNumber" : 20,
    "header" : null
  }, {
    "dataMap" : {
      "_ACC_" : "0.801675977654",
      "_TP_" : "0",
      "_OneMinusSpecificity_" : "0",
      "_Column_" : "P_BAD1",
      "_TN_" : "287",
      "_KS2_" : "0",
      "_FPR_" : "0",
      "_DataRole_" : "TEST",
      "_FDR_" : null,
      "_MiscEvent_" : "0.198324022346",
      "_FN_" : "71",
      "_KS_" : "0",
      "_Sensitivity_" : "0",
      "_Event_" : "1",
      "_F1_" : "0",
      "_FP_" : "0",
      "_Cutoff_" : "1",
      "_Specificity_" : "1",
      "_FHALF_" : "0",
      "_PartInd__f" : "           2",
      "_PartInd_" : "2"
    },
    "rowNumber" : 21,
    "header" : null
  }, {
    "dataMap" : {
      "_ACC_" : null,
      "_TP_" : null,
      "_OneMinusSpecificity_" : "0",
      "_Column_" : "P_BAD1",
      "_TN_" : null,
      "_KS2_" : null,
      "_FPR_" : "0",
      "_DataRole_" : "TEST",
      "_FDR_" : "0",
      "_MiscEvent_" : "0.198324022346",
      "_FN_" : null,
      "_KS_" : null,
      "_Sensitivity_" : "0",
      "_Event_" : "1",
      "_F1_" : null,
      "_FP_" : null,
      "_Cutoff_" : "1",
      "_Specificity_" : "1",
      "_FHALF_" : null,
      "_PartInd__f" : "           2",
      "_PartInd_" : "2"
    },
    "rowNumber" : 22,
    "header" : null
  }, {
    "dataMap" : {
      "_ACC_" : "0.19934792734",
      "_TP_" : "428",
      "_OneMinusSpecificity_" : "1",
      "_Column_" : "P_BAD1",
      "_TN_" : "0",
      "_KS2_" : "0",
      "_FPR_" : "1",
      "_DataRole_" : "TRAIN",
      "_FDR_" : "0.80065207266",
      "_MiscEvent_" : "0.80065207266",
      "_FN_" : "0",
      "_KS_" : "0",
      "_Sensitivity_" : "1",
      "_Event_" : "1",
      "_F1_" : "0.332427184466",
      "_FP_" : "1719",
      "_Cutoff_" : "0",
      "_Specificity_" : "0",
      "_FHALF_" : "0.23735581189",
      "_PartInd__f" : "           1",
      "_PartInd_" : "1"
    },
    "rowNumber" : 23,
    "header" : null
  }, {
    "dataMap" : {
      "_ACC_" : "0.19934792734",
      "_TP_" : "428",
      "_OneMinusSpecificity_" : "1",
      "_Column_" : "P_BAD1",
      "_TN_" : "0",
      "_KS2_" : "0",
      "_FPR_" : "1",
      "_DataRole_" : "TRAIN",
      "_FDR_" : "0.80065207266",
      "_MiscEvent_" : "0.80065207266",
      "_FN_" : "0",
      "_KS_" : "0",
      "_Sensitivity_" : "1",
      "_Event_" : "1",
      "_F1_" : "0.332427184466",
      "_FP_" : "1719",
      "_Cutoff_" : "0.05",
      "_Specificity_" : "0",
      "_FHALF_" : "0.23735581189",
      "_PartInd__f" : "           1",
      "_PartInd_" : "1"
    },
    "rowNumber" : 24,
    "header" : null
  }, {
    "dataMap" : {
      "_ACC_" : "0.873311597578",
      "_TP_" : "324",
      "_OneMinusSpecificity_" : "0.0977312390925",
      "_Column_" : "P_BAD1",
      "_TN_" : "1551",
      "_KS2_" : "0.659278106702",
      "_FPR_" : "0.0977312390925",
      "_DataRole_" : "TRAIN",
      "_FDR_" : "0.341463414634",
      "_MiscEvent_" : "0.126688402422",
      "_FN_" : "104",
      "_KS_" : "0",
      "_Sensitivity_" : "0.757009345794",
      "_Event_" : "1",
      "_F1_" : "0.704347826087",
      "_FP_" : "168",
      "_Cutoff_" : "0.1",
      "_Specificity_" : "0.902268760908",
      "_FHALF_" : "0.67612687813",
      "_PartInd__f" : "           1",
      "_PartInd_" : "1"
    },
    "rowNumber" : 25,
    "header" : null
  }, {
    "dataMap" : {
      "_ACC_" : "0.877969259432",
      "_TP_" : "322",
      "_OneMinusSpecificity_" : "0.0907504363002",
      "_Column_" : "P_BAD1",
      "_TN_" : "1563",
      "_KS2_" : "0.661586012298",
      "_FPR_" : "0.0907504363002",
      "_DataRole_" : "TRAIN",
      "_FDR_" : "0.326359832636",
      "_MiscEvent_" : "0.122030740568",
      "_FN_" : "106",
      "_KS_" : "1",
      "_Sensitivity_" : "0.752336448598",
      "_Event_" : "1",
      "_F1_" : "0.710816777042",
      "_FP_" : "156",
      "_Cutoff_" : "0.15",
      "_Specificity_" : "0.9092495637",
      "_FHALF_" : "0.688034188034",
      "_PartInd__f" : "           1",
      "_PartInd_" : "1"
    },
    "rowNumber" : 26,
    "header" : null
  }, {
    "dataMap" : {
      "_ACC_" : "0.877969259432",
      "_TP_" : "322",
      "_OneMinusSpecificity_" : "0.0907504363002",
      "_Column_" : "P_BAD1",
      "_TN_" : "1563",
      "_KS2_" : "0.661586012298",
      "_FPR_" : "0.0907504363002",
      "_DataRole_" : "TRAIN",
      "_FDR_" : "0.326359832636",
      "_MiscEvent_" : "0.122030740568",
      "_FN_" : "106",
      "_KS_" : "0",
      "_Sensitivity_" : "0.752336448598",
      "_Event_" : "1",
      "_F1_" : "0.710816777042",
      "_FP_" : "156",
      "_Cutoff_" : "0.2",
      "_Specificity_" : "0.9092495637",
      "_FHALF_" : "0.688034188034",
      "_PartInd__f" : "           1",
      "_PartInd_" : "1"
    },
    "rowNumber" : 27,
    "header" : null
  }, {
    "dataMap" : {
      "_ACC_" : "0.877969259432",
      "_TP_" : "322",
      "_OneMinusSpecificity_" : "0.0907504363002",
      "_Column_" : "P_BAD1",
      "_TN_" : "1563",
      "_KS2_" : "0.661586012298",
      "_FPR_" : "0.0907504363002",
      "_DataRole_" : "TRAIN",
      "_FDR_" : "0.326359832636",
      "_MiscEvent_" : "0.122030740568",
      "_FN_" : "106",
      "_KS_" : "0",
      "_Sensitivity_" : "0.752336448598",
      "_Event_" : "1",
      "_F1_" : "0.710816777042",
      "_FP_" : "156",
      "_Cutoff_" : "0.25",
      "_Specificity_" : "0.9092495637",
      "_FHALF_" : "0.688034188034",
      "_PartInd__f" : "           1",
      "_PartInd_" : "1"
    },
    "rowNumber" : 28,
    "header" : null
  }, {
    "dataMap" : {
      "_ACC_" : "0.877969259432",
      "_TP_" : "322",
      "_OneMinusSpecificity_" : "0.0907504363002",
      "_Column_" : "P_BAD1",
      "_TN_" : "1563",
      "_KS2_" : "0.661586012298",
      "_FPR_" : "0.0907504363002",
      "_DataRole_" : "TRAIN",
      "_FDR_" : "0.326359832636",
      "_MiscEvent_" : "0.122030740568",
      "_FN_" : "106",
      "_KS_" : "0",
      "_Sensitivity_" : "0.752336448598",
      "_Event_" : "1",
      "_F1_" : "0.710816777042",
      "_FP_" : "156",
      "_Cutoff_" : "0.3",
      "_Specificity_" : "0.9092495637",
      "_FHALF_" : "0.688034188034",
      "_PartInd__f" : "           1",
      "_PartInd_" : "1"
    },
    "rowNumber" : 29,
    "header" : null
  }, {
    "dataMap" : {
      "_ACC_" : "0.877969259432",
      "_TP_" : "322",
      "_OneMinusSpecificity_" : "0.0907504363002",
      "_Column_" : "P_BAD1",
      "_TN_" : "1563",
      "_KS2_" : "0.661586012298",
      "_FPR_" : "0.0907504363002",
      "_DataRole_" : "TRAIN",
      "_FDR_" : "0.326359832636",
      "_MiscEvent_" : "0.122030740568",
      "_FN_" : "106",
      "_KS_" : "0",
      "_Sensitivity_" : "0.752336448598",
      "_Event_" : "1",
      "_F1_" : "0.710816777042",
      "_FP_" : "156",
      "_Cutoff_" : "0.35",
      "_Specificity_" : "0.9092495637",
      "_FHALF_" : "0.688034188034",
      "_PartInd__f" : "           1",
      "_PartInd_" : "1"
    },
    "rowNumber" : 30,
    "header" : null
  }, {
    "dataMap" : {
      "_ACC_" : "0.877969259432",
      "_TP_" : "322",
      "_OneMinusSpecificity_" : "0.0907504363002",
      "_Column_" : "P_BAD1",
      "_TN_" : "1563",
      "_KS2_" : "0.661586012298",
      "_FPR_" : "0.0907504363002",
      "_DataRole_" : "TRAIN",
      "_FDR_" : "0.326359832636",
      "_MiscEvent_" : "0.122030740568",
      "_FN_" : "106",
      "_KS_" : "0",
      "_Sensitivity_" : "0.752336448598",
      "_Event_" : "1",
      "_F1_" : "0.710816777042",
      "_FP_" : "156",
      "_Cutoff_" : "0.4",
      "_Specificity_" : "0.9092495637",
      "_FHALF_" : "0.688034188034",
      "_PartInd__f" : "           1",
      "_PartInd_" : "1"
    },
    "rowNumber" : 31,
    "header" : null
  }, {
    "dataMap" : {
      "_ACC_" : "0.878435025617",
      "_TP_" : "320",
      "_OneMinusSpecificity_" : "0.0890052356021",
      "_Column_" : "P_BAD1",
      "_TN_" : "1566",
      "_KS2_" : "0.6586583158",
      "_FPR_" : "0.0890052356021",
      "_DataRole_" : "TRAIN",
      "_FDR_" : "0.323467230444",
      "_MiscEvent_" : "0.121564974383",
      "_FN_" : "108",
      "_KS_" : "0",
      "_Sensitivity_" : "0.747663551402",
      "_Event_" : "1",
      "_F1_" : "0.710321864595",
      "_FP_" : "153",
      "_Cutoff_" : "0.45",
      "_Specificity_" : "0.910994764398",
      "_FHALF_" : "0.689655172414",
      "_PartInd__f" : "           1",
      "_PartInd_" : "1"
    },
    "rowNumber" : 32,
    "header" : null
  }, {
    "dataMap" : {
      "_ACC_" : "0.88821611551",
      "_TP_" : "207",
      "_OneMinusSpecificity_" : "0.0110529377545",
      "_Column_" : "P_BAD1",
      "_TN_" : "1700",
      "_KS2_" : "0.472591922059",
      "_FPR_" : "0.0110529377545",
      "_DataRole_" : "TRAIN",
      "_FDR_" : "0.0840707964602",
      "_MiscEvent_" : "0.11178388449",
      "_FN_" : "221",
      "_KS_" : "0",
      "_Sensitivity_" : "0.483644859813",
      "_Event_" : "1",
      "_F1_" : "0.633027522936",
      "_FP_" : "19",
      "_Cutoff_" : "0.5",
      "_Specificity_" : "0.988947062245",
      "_FHALF_" : "0.777027027027",
      "_PartInd__f" : "           1",
      "_PartInd_" : "1"
    },
    "rowNumber" : 33,
    "header" : null
  }, {
    "dataMap" : {
      "_ACC_" : "0.88821611551",
      "_TP_" : "207",
      "_OneMinusSpecificity_" : "0.0110529377545",
      "_Column_" : "P_BAD1",
      "_TN_" : "1700",
      "_KS2_" : "0.472591922059",
      "_FPR_" : "0.0110529377545",
      "_DataRole_" : "TRAIN",
      "_FDR_" : "0.0840707964602",
      "_MiscEvent_" : "0.11178388449",
      "_FN_" : "221",
      "_KS_" : "0",
      "_Sensitivity_" : "0.483644859813",
      "_Event_" : "1",
      "_F1_" : "0.633027522936",
      "_FP_" : "19",
      "_Cutoff_" : "0.55",
      "_Specificity_" : "0.988947062245",
      "_FHALF_" : "0.777027027027",
      "_PartInd__f" : "           1",
      "_PartInd_" : "1"
    },
    "rowNumber" : 34,
    "header" : null
  }, {
    "dataMap" : {
      "_ACC_" : "0.88821611551",
      "_TP_" : "207",
      "_OneMinusSpecificity_" : "0.0110529377545",
      "_Column_" : "P_BAD1",
      "_TN_" : "1700",
      "_KS2_" : "0.472591922059",
      "_FPR_" : "0.0110529377545",
      "_DataRole_" : "TRAIN",
      "_FDR_" : "0.0840707964602",
      "_MiscEvent_" : "0.11178388449",
      "_FN_" : "221",
      "_KS_" : "0",
      "_Sensitivity_" : "0.483644859813",
      "_Event_" : "1",
      "_F1_" : "0.633027522936",
      "_FP_" : "19",
      "_Cutoff_" : "0.6",
      "_Specificity_" : "0.988947062245",
      "_FHALF_" : "0.777027027027",
      "_PartInd__f" : "           1",
      "_PartInd_" : "1"
    },
    "rowNumber" : 35,
    "header" : null
  }, {
    "dataMap" : {
      "_ACC_" : "0.887750349325",
      "_TP_" : "204",
      "_OneMinusSpecificity_" : "0.00988947062245",
      "_Column_" : "P_BAD1",
      "_TN_" : "1702",
      "_KS2_" : "0.466746043396",
      "_FPR_" : "0.00988947062245",
      "_DataRole_" : "TRAIN",
      "_FDR_" : "0.0769230769231",
      "_MiscEvent_" : "0.112249650675",
      "_FN_" : "224",
      "_KS_" : "0",
      "_Sensitivity_" : "0.476635514019",
      "_Event_" : "1",
      "_F1_" : "0.628659476117",
      "_FP_" : "17",
      "_Cutoff_" : "0.65",
      "_Specificity_" : "0.990110529378",
      "_FHALF_" : "0.77743902439",
      "_PartInd__f" : "           1",
      "_PartInd_" : "1"
    },
    "rowNumber" : 36,
    "header" : null
  }, {
    "dataMap" : {
      "_ACC_" : "0.887750349325",
      "_TP_" : "204",
      "_OneMinusSpecificity_" : "0.00988947062245",
      "_Column_" : "P_BAD1",
      "_TN_" : "1702",
      "_KS2_" : "0.466746043396",
      "_FPR_" : "0.00988947062245",
      "_DataRole_" : "TRAIN",
      "_FDR_" : "0.0769230769231",
      "_MiscEvent_" : "0.112249650675",
      "_FN_" : "224",
      "_KS_" : "0",
      "_Sensitivity_" : "0.476635514019",
      "_Event_" : "1",
      "_F1_" : "0.628659476117",
      "_FP_" : "17",
      "_Cutoff_" : "0.7",
      "_Specificity_" : "0.990110529378",
      "_FHALF_" : "0.77743902439",
      "_PartInd__f" : "           1",
      "_PartInd_" : "1"
    },
    "rowNumber" : 37,
    "header" : null
  }, {
    "dataMap" : {
      "_ACC_" : "0.887750349325",
      "_TP_" : "204",
      "_OneMinusSpecificity_" : "0.00988947062245",
      "_Column_" : "P_BAD1",
      "_TN_" : "1702",
      "_KS2_" : "0.466746043396",
      "_FPR_" : "0.00988947062245",
      "_DataRole_" : "TRAIN",
      "_FDR_" : "0.0769230769231",
      "_MiscEvent_" : "0.112249650675",
      "_FN_" : "224",
      "_KS_" : "0",
      "_Sensitivity_" : "0.476635514019",
      "_Event_" : "1",
      "_F1_" : "0.628659476117",
      "_FP_" : "17",
      "_Cutoff_" : "0.75",
      "_Specificity_" : "0.990110529378",
      "_FHALF_" : "0.77743902439",
      "_PartInd__f" : "           1",
      "_PartInd_" : "1"
    },
    "rowNumber" : 38,
    "header" : null
  }, {
    "dataMap" : {
      "_ACC_" : "0.867256637168",
      "_TP_" : "145",
      "_OneMinusSpecificity_" : "0.00116346713205",
      "_Column_" : "P_BAD1",
      "_TN_" : "1717",
      "_KS2_" : "0.337621579597",
      "_FPR_" : "0.00116346713205",
      "_DataRole_" : "TRAIN",
      "_FDR_" : "0.0136054421769",
      "_MiscEvent_" : "0.132743362832",
      "_FN_" : "283",
      "_KS_" : "0",
      "_Sensitivity_" : "0.338785046729",
      "_Event_" : "1",
      "_F1_" : "0.504347826087",
      "_FP_" : "2",
      "_Cutoff_" : "0.8",
      "_Specificity_" : "0.998836532868",
      "_FHALF_" : "0.713582677165",
      "_PartInd__f" : "           1",
      "_PartInd_" : "1"
    },
    "rowNumber" : 39,
    "header" : null
  }, {
    "dataMap" : {
      "_ACC_" : "0.867256637168",
      "_TP_" : "145",
      "_OneMinusSpecificity_" : "0.00116346713205",
      "_Column_" : "P_BAD1",
      "_TN_" : "1717",
      "_KS2_" : "0.337621579597",
      "_FPR_" : "0.00116346713205",
      "_DataRole_" : "TRAIN",
      "_FDR_" : "0.0136054421769",
      "_MiscEvent_" : "0.132743362832",
      "_FN_" : "283",
      "_KS_" : "0",
      "_Sensitivity_" : "0.338785046729",
      "_Event_" : "1",
      "_F1_" : "0.504347826087",
      "_FP_" : "2",
      "_Cutoff_" : "0.85",
      "_Specificity_" : "0.998836532868",
      "_FHALF_" : "0.713582677165",
      "_PartInd__f" : "           1",
      "_PartInd_" : "1"
    },
    "rowNumber" : 40,
    "header" : null
  }, {
    "dataMap" : {
      "_ACC_" : "0.867256637168",
      "_TP_" : "145",
      "_OneMinusSpecificity_" : "0.00116346713205",
      "_Column_" : "P_BAD1",
      "_TN_" : "1717",
      "_KS2_" : "0.337621579597",
      "_FPR_" : "0.00116346713205",
      "_DataRole_" : "TRAIN",
      "_FDR_" : "0.0136054421769",
      "_MiscEvent_" : "0.132743362832",
      "_FN_" : "283",
      "_KS_" : "0",
      "_Sensitivity_" : "0.338785046729",
      "_Event_" : "1",
      "_F1_" : "0.504347826087",
      "_FP_" : "2",
      "_Cutoff_" : "0.9",
      "_Specificity_" : "0.998836532868",
      "_FHALF_" : "0.713582677165",
      "_PartInd__f" : "           1",
      "_PartInd_" : "1"
    },
    "rowNumber" : 41,
    "header" : null
  }, {
    "dataMap" : {
      "_ACC_" : "0.860735910573",
      "_TP_" : "130",
      "_OneMinusSpecificity_" : "5.81733566027E-4",
      "_Column_" : "P_BAD1",
      "_TN_" : "1718",
      "_KS2_" : "0.303156584191",
      "_FPR_" : "5.81733566027E-4",
      "_DataRole_" : "TRAIN",
      "_FDR_" : "0.00763358778626",
      "_MiscEvent_" : "0.139264089427",
      "_FN_" : "298",
      "_KS_" : "0",
      "_Sensitivity_" : "0.303738317757",
      "_Event_" : "1",
      "_F1_" : "0.46511627907",
      "_FP_" : "1",
      "_Cutoff_" : "0.95",
      "_Specificity_" : "0.999418266434",
      "_FHALF_" : "0.682773109244",
      "_PartInd__f" : "           1",
      "_PartInd_" : "1"
    },
    "rowNumber" : 42,
    "header" : null
  }, {
    "dataMap" : {
      "_ACC_" : "0.80065207266",
      "_TP_" : "0",
      "_OneMinusSpecificity_" : "0",
      "_Column_" : "P_BAD1",
      "_TN_" : "1719",
      "_KS2_" : "0",
      "_FPR_" : "0",
      "_DataRole_" : "TRAIN",
      "_FDR_" : null,
      "_MiscEvent_" : "0.19934792734",
      "_FN_" : "428",
      "_KS_" : "0",
      "_Sensitivity_" : "0",
      "_Event_" : "1",
      "_F1_" : "0",
      "_FP_" : "0",
      "_Cutoff_" : "1",
      "_Specificity_" : "1",
      "_FHALF_" : "0",
      "_PartInd__f" : "           1",
      "_PartInd_" : "1"
    },
    "rowNumber" : 43,
    "header" : null
  }, {
    "dataMap" : {
      "_ACC_" : null,
      "_TP_" : null,
      "_OneMinusSpecificity_" : "0",
      "_Column_" : "P_BAD1",
      "_TN_" : null,
      "_KS2_" : null,
      "_FPR_" : "0",
      "_DataRole_" : "TRAIN",
      "_FDR_" : "0",
      "_MiscEvent_" : "0.19934792734",
      "_FN_" : null,
      "_KS_" : null,
      "_Sensitivity_" : "0",
      "_Event_" : "1",
      "_F1_" : null,
      "_FP_" : null,
      "_Cutoff_" : "1",
      "_Specificity_" : "1",
      "_FHALF_" : null,
      "_PartInd__f" : "           1",
      "_PartInd_" : "1"
    },
    "rowNumber" : 44,
    "header" : null
  }, {
    "dataMap" : {
      "_ACC_" : "0.199255121043",
      "_TP_" : "214",
      "_OneMinusSpecificity_" : "1",
      "_Column_" : "P_BAD1",
      "_TN_" : "0",
      "_KS2_" : "0",
      "_FPR_" : "1",
      "_DataRole_" : "VALIDATE",
      "_FDR_" : "0.800744878957",
      "_MiscEvent_" : "0.800744878957",
      "_FN_" : "0",
      "_KS_" : "0",
      "_Sensitivity_" : "1",
      "_Event_" : "1",
      "_F1_" : "0.332298136646",
      "_FP_" : "860",
      "_Cutoff_" : "0",
      "_Specificity_" : "0",
      "_FHALF_" : "0.237250554324",
      "_PartInd__f" : "           0",
      "_PartInd_" : "0"
    },
    "rowNumber" : 45,
    "header" : null
  }, {
    "dataMap" : {
      "_ACC_" : "0.199255121043",
      "_TP_" : "214",
      "_OneMinusSpecificity_" : "1",
      "_Column_" : "P_BAD1",
      "_TN_" : "0",
      "_KS2_" : "0",
      "_FPR_" : "1",
      "_DataRole_" : "VALIDATE",
      "_FDR_" : "0.800744878957",
      "_MiscEvent_" : "0.800744878957",
      "_FN_" : "0",
      "_KS_" : "0",
      "_Sensitivity_" : "1",
      "_Event_" : "1",
      "_F1_" : "0.332298136646",
      "_FP_" : "860",
      "_Cutoff_" : "0.05",
      "_Specificity_" : "0",
      "_FHALF_" : "0.237250554324",
      "_PartInd__f" : "           0",
      "_PartInd_" : "0"
    },
    "rowNumber" : 46,
    "header" : null
  }, {
    "dataMap" : {
      "_ACC_" : "0.859404096834",
      "_TP_" : "158",
      "_OneMinusSpecificity_" : "0.110465116279",
      "_Column_" : "P_BAD1",
      "_TN_" : "765",
      "_KS2_" : "0.62785264073",
      "_FPR_" : "0.110465116279",
      "_DataRole_" : "VALIDATE",
      "_FDR_" : "0.375494071146",
      "_MiscEvent_" : "0.140595903166",
      "_FN_" : "56",
      "_KS_" : "1",
      "_Sensitivity_" : "0.738317757009",
      "_Event_" : "1",
      "_F1_" : "0.676659528908",
      "_FP_" : "95",
      "_Cutoff_" : "0.1",
      "_Specificity_" : "0.889534883721",
      "_FHALF_" : "0.644371941272",
      "_PartInd__f" : "           0",
      "_PartInd_" : "0"
    },
    "rowNumber" : 47,
    "header" : null
  }, {
    "dataMap" : {
      "_ACC_" : "0.861266294227",
      "_TP_" : "156",
      "_OneMinusSpecificity_" : "0.105813953488",
      "_Column_" : "P_BAD1",
      "_TN_" : "769",
      "_KS2_" : "0.623158009128",
      "_FPR_" : "0.105813953488",
      "_DataRole_" : "VALIDATE",
      "_FDR_" : "0.368421052632",
      "_MiscEvent_" : "0.138733705773",
      "_FN_" : "58",
      "_KS_" : "0",
      "_Sensitivity_" : "0.728971962617",
      "_Event_" : "1",
      "_F1_" : "0.676789587852",
      "_FP_" : "91",
      "_Cutoff_" : "0.15",
      "_Specificity_" : "0.894186046512",
      "_FHALF_" : "0.648918469218",
      "_PartInd__f" : "           0",
      "_PartInd_" : "0"
    },
    "rowNumber" : 48,
    "header" : null
  }, {
    "dataMap" : {
      "_ACC_" : "0.861266294227",
      "_TP_" : "156",
      "_OneMinusSpecificity_" : "0.105813953488",
      "_Column_" : "P_BAD1",
      "_TN_" : "769",
      "_KS2_" : "0.623158009128",
      "_FPR_" : "0.105813953488",
      "_DataRole_" : "VALIDATE",
      "_FDR_" : "0.368421052632",
      "_MiscEvent_" : "0.138733705773",
      "_FN_" : "58",
      "_KS_" : "0",
      "_Sensitivity_" : "0.728971962617",
      "_Event_" : "1",
      "_F1_" : "0.676789587852",
      "_FP_" : "91",
      "_Cutoff_" : "0.2",
      "_Specificity_" : "0.894186046512",
      "_FHALF_" : "0.648918469218",
      "_PartInd__f" : "           0",
      "_PartInd_" : "0"
    },
    "rowNumber" : 49,
    "header" : null
  }, {
    "dataMap" : {
      "_ACC_" : "0.861266294227",
      "_TP_" : "156",
      "_OneMinusSpecificity_" : "0.105813953488",
      "_Column_" : "P_BAD1",
      "_TN_" : "769",
      "_KS2_" : "0.623158009128",
      "_FPR_" : "0.105813953488",
      "_DataRole_" : "VALIDATE",
      "_FDR_" : "0.368421052632",
      "_MiscEvent_" : "0.138733705773",
      "_FN_" : "58",
      "_KS_" : "0",
      "_Sensitivity_" : "0.728971962617",
      "_Event_" : "1",
      "_F1_" : "0.676789587852",
      "_FP_" : "91",
      "_Cutoff_" : "0.25",
      "_Specificity_" : "0.894186046512",
      "_FHALF_" : "0.648918469218",
      "_PartInd__f" : "           0",
      "_PartInd_" : "0"
    },
    "rowNumber" : 50,
    "header" : null
  }, {
    "dataMap" : {
      "_ACC_" : "0.861266294227",
      "_TP_" : "156",
      "_OneMinusSpecificity_" : "0.105813953488",
      "_Column_" : "P_BAD1",
      "_TN_" : "769",
      "_KS2_" : "0.623158009128",
      "_FPR_" : "0.105813953488",
      "_DataRole_" : "VALIDATE",
      "_FDR_" : "0.368421052632",
      "_MiscEvent_" : "0.138733705773",
      "_FN_" : "58",
      "_KS_" : "0",
      "_Sensitivity_" : "0.728971962617",
      "_Event_" : "1",
      "_F1_" : "0.676789587852",
      "_FP_" : "91",
      "_Cutoff_" : "0.3",
      "_Specificity_" : "0.894186046512",
      "_FHALF_" : "0.648918469218",
      "_PartInd__f" : "           0",
      "_PartInd_" : "0"
    },
    "rowNumber" : 51,
    "header" : null
  }, {
    "dataMap" : {
      "_ACC_" : "0.861266294227",
      "_TP_" : "156",
      "_OneMinusSpecificity_" : "0.105813953488",
      "_Column_" : "P_BAD1",
      "_TN_" : "769",
      "_KS2_" : "0.623158009128",
      "_FPR_" : "0.105813953488",
      "_DataRole_" : "VALIDATE",
      "_FDR_" : "0.368421052632",
      "_MiscEvent_" : "0.138733705773",
      "_FN_" : "58",
      "_KS_" : "0",
      "_Sensitivity_" : "0.728971962617",
      "_Event_" : "1",
      "_F1_" : "0.676789587852",
      "_FP_" : "91",
      "_Cutoff_" : "0.35",
      "_Specificity_" : "0.894186046512",
      "_FHALF_" : "0.648918469218",
      "_PartInd__f" : "           0",
      "_PartInd_" : "0"
    },
    "rowNumber" : 52,
    "header" : null
  }, {
    "dataMap" : {
      "_ACC_" : "0.861266294227",
      "_TP_" : "156",
      "_OneMinusSpecificity_" : "0.105813953488",
      "_Column_" : "P_BAD1",
      "_TN_" : "769",
      "_KS2_" : "0.623158009128",
      "_FPR_" : "0.105813953488",
      "_DataRole_" : "VALIDATE",
      "_FDR_" : "0.368421052632",
      "_MiscEvent_" : "0.138733705773",
      "_FN_" : "58",
      "_KS_" : "0",
      "_Sensitivity_" : "0.728971962617",
      "_Event_" : "1",
      "_F1_" : "0.676789587852",
      "_FP_" : "91",
      "_Cutoff_" : "0.4",
      "_Specificity_" : "0.894186046512",
      "_FHALF_" : "0.648918469218",
      "_PartInd__f" : "           0",
      "_PartInd_" : "0"
    },
    "rowNumber" : 53,
    "header" : null
  }, {
    "dataMap" : {
      "_ACC_" : "0.860335195531",
      "_TP_" : "155",
      "_OneMinusSpecificity_" : "0.105813953488",
      "_Column_" : "P_BAD1",
      "_TN_" : "769",
      "_KS2_" : "0.618485111932",
      "_FPR_" : "0.105813953488",
      "_DataRole_" : "VALIDATE",
      "_FDR_" : "0.369918699187",
      "_MiscEvent_" : "0.139664804469",
      "_FN_" : "59",
      "_KS_" : "0",
      "_Sensitivity_" : "0.724299065421",
      "_Event_" : "1",
      "_F1_" : "0.673913043478",
      "_FP_" : "91",
      "_Cutoff_" : "0.45",
      "_Specificity_" : "0.894186046512",
      "_FHALF_" : "0.646911519199",
      "_PartInd__f" : "           0",
      "_PartInd_" : "0"
    },
    "rowNumber" : 54,
    "header" : null
  }, {
    "dataMap" : {
      "_ACC_" : "0.870577281192",
      "_TP_" : "87",
      "_OneMinusSpecificity_" : "0.0139534883721",
      "_Column_" : "P_BAD1",
      "_TN_" : "848",
      "_KS2_" : "0.392588567703",
      "_FPR_" : "0.0139534883721",
      "_DataRole_" : "VALIDATE",
      "_FDR_" : "0.121212121212",
      "_MiscEvent_" : "0.129422718808",
      "_FN_" : "127",
      "_KS_" : "0",
      "_Sensitivity_" : "0.406542056075",
      "_Event_" : "1",
      "_F1_" : "0.555910543131",
      "_FP_" : "12",
      "_Cutoff_" : "0.5",
      "_Specificity_" : "0.986046511628",
      "_FHALF_" : "0.713114754098",
      "_PartInd__f" : "           0",
      "_PartInd_" : "0"
    },
    "rowNumber" : 55,
    "header" : null
  }, {
    "dataMap" : {
      "_ACC_" : "0.870577281192",
      "_TP_" : "87",
      "_OneMinusSpecificity_" : "0.0139534883721",
      "_Column_" : "P_BAD1",
      "_TN_" : "848",
      "_KS2_" : "0.392588567703",
      "_FPR_" : "0.0139534883721",
      "_DataRole_" : "VALIDATE",
      "_FDR_" : "0.121212121212",
      "_MiscEvent_" : "0.129422718808",
      "_FN_" : "127",
      "_KS_" : "0",
      "_Sensitivity_" : "0.406542056075",
      "_Event_" : "1",
      "_F1_" : "0.555910543131",
      "_FP_" : "12",
      "_Cutoff_" : "0.55",
      "_Specificity_" : "0.986046511628",
      "_FHALF_" : "0.713114754098",
      "_PartInd__f" : "           0",
      "_PartInd_" : "0"
    },
    "rowNumber" : 56,
    "header" : null
  }, {
    "dataMap" : {
      "_ACC_" : "0.870577281192",
      "_TP_" : "87",
      "_OneMinusSpecificity_" : "0.0139534883721",
      "_Column_" : "P_BAD1",
      "_TN_" : "848",
      "_KS2_" : "0.392588567703",
      "_FPR_" : "0.0139534883721",
      "_DataRole_" : "VALIDATE",
      "_FDR_" : "0.121212121212",
      "_MiscEvent_" : "0.129422718808",
      "_FN_" : "127",
      "_KS_" : "0",
      "_Sensitivity_" : "0.406542056075",
      "_Event_" : "1",
      "_F1_" : "0.555910543131",
      "_FP_" : "12",
      "_Cutoff_" : "0.6",
      "_Specificity_" : "0.986046511628",
      "_FHALF_" : "0.713114754098",
      "_PartInd__f" : "           0",
      "_PartInd_" : "0"
    },
    "rowNumber" : 57,
    "header" : null
  }, {
    "dataMap" : {
      "_ACC_" : "0.868715083799",
      "_TP_" : "85",
      "_OneMinusSpecificity_" : "0.0139534883721",
      "_Column_" : "P_BAD1",
      "_TN_" : "848",
      "_KS2_" : "0.38324277331",
      "_FPR_" : "0.0139534883721",
      "_DataRole_" : "VALIDATE",
      "_FDR_" : "0.123711340206",
      "_MiscEvent_" : "0.131284916201",
      "_FN_" : "129",
      "_KS_" : "0",
      "_Sensitivity_" : "0.397196261682",
      "_Event_" : "1",
      "_F1_" : "0.546623794212",
      "_FP_" : "12",
      "_Cutoff_" : "0.65",
      "_Specificity_" : "0.986046511628",
      "_FHALF_" : "0.705980066445",
      "_PartInd__f" : "           0",
      "_PartInd_" : "0"
    },
    "rowNumber" : 58,
    "header" : null
  }, {
    "dataMap" : {
      "_ACC_" : "0.868715083799",
      "_TP_" : "85",
      "_OneMinusSpecificity_" : "0.0139534883721",
      "_Column_" : "P_BAD1",
      "_TN_" : "848",
      "_KS2_" : "0.38324277331",
      "_FPR_" : "0.0139534883721",
      "_DataRole_" : "VALIDATE",
      "_FDR_" : "0.123711340206",
      "_MiscEvent_" : "0.131284916201",
      "_FN_" : "129",
      "_KS_" : "0",
      "_Sensitivity_" : "0.397196261682",
      "_Event_" : "1",
      "_F1_" : "0.546623794212",
      "_FP_" : "12",
      "_Cutoff_" : "0.7",
      "_Specificity_" : "0.986046511628",
      "_FHALF_" : "0.705980066445",
      "_PartInd__f" : "           0",
      "_PartInd_" : "0"
    },
    "rowNumber" : 59,
    "header" : null
  }, {
    "dataMap" : {
      "_ACC_" : "0.868715083799",
      "_TP_" : "85",
      "_OneMinusSpecificity_" : "0.0139534883721",
      "_Column_" : "P_BAD1",
      "_TN_" : "848",
      "_KS2_" : "0.38324277331",
      "_FPR_" : "0.0139534883721",
      "_DataRole_" : "VALIDATE",
      "_FDR_" : "0.123711340206",
      "_MiscEvent_" : "0.131284916201",
      "_FN_" : "129",
      "_KS_" : "0",
      "_Sensitivity_" : "0.397196261682",
      "_Event_" : "1",
      "_F1_" : "0.546623794212",
      "_FP_" : "12",
      "_Cutoff_" : "0.75",
      "_Specificity_" : "0.986046511628",
      "_FHALF_" : "0.705980066445",
      "_PartInd__f" : "           0",
      "_PartInd_" : "0"
    },
    "rowNumber" : 60,
    "header" : null
  }, {
    "dataMap" : {
      "_ACC_" : "0.848230912477",
      "_TP_" : "57",
      "_OneMinusSpecificity_" : "0.00697674418605",
      "_Column_" : "P_BAD1",
      "_TN_" : "854",
      "_KS2_" : "0.259378396001",
      "_FPR_" : "0.00697674418605",
      "_DataRole_" : "VALIDATE",
      "_FDR_" : "0.0952380952381",
      "_MiscEvent_" : "0.151769087523",
      "_FN_" : "157",
      "_KS_" : "0",
      "_Sensitivity_" : "0.266355140187",
      "_Event_" : "1",
      "_F1_" : "0.41155234657",
      "_FP_" : "6",
      "_Cutoff_" : "0.8",
      "_Specificity_" : "0.993023255814",
      "_FHALF_" : "0.611587982833",
      "_PartInd__f" : "           0",
      "_PartInd_" : "0"
    },
    "rowNumber" : 61,
    "header" : null
  }, {
    "dataMap" : {
      "_ACC_" : "0.848230912477",
      "_TP_" : "57",
      "_OneMinusSpecificity_" : "0.00697674418605",
      "_Column_" : "P_BAD1",
      "_TN_" : "854",
      "_KS2_" : "0.259378396001",
      "_FPR_" : "0.00697674418605",
      "_DataRole_" : "VALIDATE",
      "_FDR_" : "0.0952380952381",
      "_MiscEvent_" : "0.151769087523",
      "_FN_" : "157",
      "_KS_" : "0",
      "_Sensitivity_" : "0.266355140187",
      "_Event_" : "1",
      "_F1_" : "0.41155234657",
      "_FP_" : "6",
      "_Cutoff_" : "0.85",
      "_Specificity_" : "0.993023255814",
      "_FHALF_" : "0.611587982833",
      "_PartInd__f" : "           0",
      "_PartInd_" : "0"
    },
    "rowNumber" : 62,
    "header" : null
  }, {
    "dataMap" : {
      "_ACC_" : "0.848230912477",
      "_TP_" : "57",
      "_OneMinusSpecificity_" : "0.00697674418605",
      "_Column_" : "P_BAD1",
      "_TN_" : "854",
      "_KS2_" : "0.259378396001",
      "_FPR_" : "0.00697674418605",
      "_DataRole_" : "VALIDATE",
      "_FDR_" : "0.0952380952381",
      "_MiscEvent_" : "0.151769087523",
      "_FN_" : "157",
      "_KS_" : "0",
      "_Sensitivity_" : "0.266355140187",
      "_Event_" : "1",
      "_F1_" : "0.41155234657",
      "_FP_" : "6",
      "_Cutoff_" : "0.9",
      "_Specificity_" : "0.993023255814",
      "_FHALF_" : "0.611587982833",
      "_PartInd__f" : "           0",
      "_PartInd_" : "0"
    },
    "rowNumber" : 63,
    "header" : null
  }, {
    "dataMap" : {
      "_ACC_" : "0.841713221601",
      "_TP_" : "50",
      "_OneMinusSpecificity_" : "0.00697674418605",
      "_Column_" : "P_BAD1",
      "_TN_" : "854",
      "_KS2_" : "0.226668115627",
      "_FPR_" : "0.00697674418605",
      "_DataRole_" : "VALIDATE",
      "_FDR_" : "0.107142857143",
      "_MiscEvent_" : "0.158286778399",
      "_FN_" : "164",
      "_KS_" : "0",
      "_Sensitivity_" : "0.233644859813",
      "_Event_" : "1",
      "_F1_" : "0.37037037037",
      "_FP_" : "6",
      "_Cutoff_" : "0.95",
      "_Specificity_" : "0.993023255814",
      "_FHALF_" : "0.570776255708",
      "_PartInd__f" : "           0",
      "_PartInd_" : "0"
    },
    "rowNumber" : 64,
    "header" : null
  }, {
    "dataMap" : {
      "_ACC_" : "0.800744878957",
      "_TP_" : "0",
      "_OneMinusSpecificity_" : "0",
      "_Column_" : "P_BAD1",
      "_TN_" : "860",
      "_KS2_" : "0",
      "_FPR_" : "0",
      "_DataRole_" : "VALIDATE",
      "_FDR_" : null,
      "_MiscEvent_" : "0.199255121043",
      "_FN_" : "214",
      "_KS_" : "0",
      "_Sensitivity_" : "0",
      "_Event_" : "1",
      "_F1_" : "0",
      "_FP_" : "0",
      "_Cutoff_" : "1",
      "_Specificity_" : "1",
      "_FHALF_" : "0",
      "_PartInd__f" : "           0",
      "_PartInd_" : "0"
    },
    "rowNumber" : 65,
    "header" : null
  }, {
    "dataMap" : {
      "_ACC_" : null,
      "_TP_" : null,
      "_OneMinusSpecificity_" : "0",
      "_Column_" : "P_BAD1",
      "_TN_" : null,
      "_KS2_" : null,
      "_FPR_" : "0",
      "_DataRole_" : "VALIDATE",
      "_FDR_" : "0",
      "_MiscEvent_" : "0.199255121043",
      "_FN_" : null,
      "_KS_" : null,
      "_Sensitivity_" : "0",
      "_Event_" : "1",
      "_F1_" : null,
      "_FP_" : null,
      "_Cutoff_" : "1",
      "_Specificity_" : "1",
      "_FHALF_" : null,
      "_PartInd__f" : "           0",
      "_PartInd_" : "0"
    },
    "rowNumber" : 66,
    "header" : null
  } ],
  "version" : 1,
  "xInteger" : false,
  "yInteger" : false
}