{
   "creationTimeStamp": "2024-03-29T17:48:13.087Z",
   "createdBy": "edmdev",
   "modifiedTimeStamp": "2024-03-29T17:48:15.946Z",
   "modifiedBy": "edmdev",
   "id": "4bb3cc5a-aebd-45f6-b877-81b65dd6727a",
   "name": "Auto_Model_1711734492.zip",
   "description": "Decision Tree",
   "scoreCodeType": "dataStep",
   "algorithm": "tree",
   "function": "classification",
   "modeler": "sasdemo",
   "modelType": "dataStep",
   "trainTable": "/dataTables/dataSources/cas~fs~cas-shared-default~fs~Public/tables/HMEQ_TRAIN",
   "eventProbVar": "EM_EVENTPROBABILITY",
   "targetVariable": "BAD",
   "targetEvent": "1",
   "targetLevel": "binary",
   "tool": "Model Studio",
   "toolVersion": "8.3",
   "externalModelId": "0895f86a-dff5-4b5e-ab40-f7a53f476979",
   "modelVersionName": "1.0",
   "custom properties": []
}